SITE,N CHICKS,DATE,AGE CHICKS,START TIME,END TIME,IVIs,IVInum
80,3,20-Jul-18,7,05:25:00,05:32:30,00:00:00,0
18,3,05-Aug-18,24,06:13:27,06:25:55,00:00:10,0.0001
18,3,07-Aug-18,26,18:52:24,18:54:52,00:00:05,0.0001
80,3,24-Jul-18,11,14:50:00,14:57:30,00:00:28,0.0003
33,2,31-Jul-18,11,13:52:21,13:57:22,00:00:38,0.0004
53,3,25-Jul-18,9,19:14:21,19:21:54,00:00:39,0.0005
45,3,10-Aug-18,25,14:46:13,14:48:03,00:01:13,0.0008
3,4,28-Jul-18,13,18:47:15,18:49:27,00:01:20,0.0009
33,2,04-Aug-18,15,12:10:50,12:14:20,00:01:37,0.0011
53,3,30-Jul-18,14,17:31:43,17:45:28,00:01:43,0.0012
45,3,27-Jul-18,10,13:27:45,13:33:20,00:02:10,0.0015
3,4,24-Jul-18,9,20:27:59,20:35:00,00:02:18,0.0016
147,2,17-Jul-18,3,10:47:46,10:54:19,00:02:35,0.0018
18,3,01-Aug-18,20,06:22:02,06:24:02,00:02:53,0.002
18,4,26-Jul-18,14,16:21:48,16:27:48,00:02:59,0.0021
18,3,07-Aug-18,26,18:57:51,19:05:18,00:02:59,0.0021
33,2,01-Aug-18,12,17:06:19,17:10:00,00:03:33,0.0025
45,3,09-Aug-18,24,08:19:41,08:24:13,00:03:35,0.0025
78,2,02-Aug-18,16,12:35:00,12:47:48,00:03:48,0.0026
33,2,05-Aug-18,16,17:51:10,17:55:05,00:03:43,0.0026
45,3,08-Aug-18,23,05:03:04,05:05:31,00:03:50,0.0027
3,4,29-Jul-18,14,20:09:59,20:24:56,00:04:19,0.003
78,2,06-Aug-18,20,14:52:10,14:54:47,00:04:47,0.0033
29,1,30-Jul-18,17,14:45:54,14:51:23,00:04:49,0.0033
33,2,02-Aug-18,13,08:00:00,08:08:20,00:04:54,0.0034
22,3,17-Jul-18,6,21:25:00,21:37:30,00:05:00,0.0035
78,2,31-Jul-18,14,11:18:51,11:26:13,00:05:34,0.0039
45,3,27-Jul-18,10,08:07:01,08:14:44,00:05:48,0.004
18,3,07-Aug-18,26,13:21:34,13:30:00,00:05:56,0.0041
45,3,06-Aug-18,21,21:11:58,21:16:35,00:06:07,0.0042
78,2,09-Aug-18,23,13:11:15,13:13:04,00:06:15,0.0043
29,1,06-Aug-18,23,20:57:53,20:58:46,00:06:09,0.0043
45,3,13-Aug-18,28,19:32:25,19:36:12,00:06:09,0.0043
29,1,02-Aug-18,19,15:05:55,15:09:44,00:06:21,0.0044
77,3,01-Aug-18,16,08:42:26,08:44:08,00:06:44,0.0047
18,3,08-Aug-18,27,21:52:08,22:00:00,00:06:46,0.0047
33,2,13-Aug-18,24,15:39:34,15:46:12,00:06:44,0.0047
97,2,01-Aug-18,18,14:00:00,14:15:00,00:07:01,0.0049
45,3,10-Aug-18,25,19:04:57,19:06:25,00:07:16,0.005
75,1,29-Jul-18,18,16:20:00,19:25:28,00:07:37,0.0053
33,2,13-Aug-18,24,15:54:10,15:57:34,00:07:58,0.0055
45,3,06-Aug-18,21,15:44:35,15:47:56,00:08:24,0.0058
3,3,07-Aug-18,23,19:54:08,20:06:45,00:08:33,0.0059
29,1,30-Jul-18,17,16:34:05,16:39:15,00:08:29,0.0059
77,3,31-Jul-18,15,04:18:51,04:22:16,00:08:51,0.0061
18,3,07-Aug-18,26,18:01:43,18:01:53,00:08:48,0.0061
45,3,23-Jul-18,6,12:58:53,13:05:53,00:08:59,0.0062
53,3,26-Jul-18,10,17:54:05,17:59:30,00:09:05,0.0063
53,3,30-Jul-18,14,09:48:21,09:52:17,00:09:36,0.0067
45,3,06-Aug-18,21,18:04:08,18:07:51,00:09:48,0.0068
18,3,04-Aug-18,23,18:15:00,18:26:20,00:10:00,0.0069
47,3,30-Jul-18,9,07:39:35,07:47:53,00:10:05,0.007
78,2,02-Aug-18,16,19:19:08,19:25:30,00:10:21,0.0072
33,2,03-Aug-18,14,19:52:31,19:55:00,00:10:33,0.0073
77,3,30-Jul-18,14,07:00:00,07:01:21,00:11:07,0.0077
80,3,02-Aug-18,20,06:06:22,06:08:41,00:11:22,0.0079
97,2,06-Aug-18,23,17:10:26,17:13:19,00:11:22,0.0079
29,1,04-Aug-18,21,12:30:07,12:36:45,00:11:37,0.0081
53,3,30-Jul-18,14,17:27:20,17:30:00,00:11:48,0.0082
18,3,31-Jul-18,19,05:39:22,05:52:47,00:11:49,0.0082
45,3,10-Aug-18,25,19:18:15,19:21:47,00:11:50,0.0082
45,3,07-Aug-18,22,19:43:34,19:46:13,00:12:17,0.0085
80,3,24-Jul-18,11,07:30:00,07:42:30,00:12:30,0.0087
18,3,07-Aug-18,26,18:14:36,18:15:00,00:12:43,0.0088
18,4,28-Jul-18,16,10:50:00,11:02:09,00:12:48,0.0089
33,2,02-Aug-18,13,18:02:01,18:06:56,00:12:52,0.0089
78,2,09-Aug-18,23,12:44:35,13:05:00,00:13:20,0.0093
53,3,31-Jul-18,15,07:39:46,07:41:51,00:13:22,0.0093
45,3,25-Jul-18,8,07:00:10,07:05:03,00:13:35,0.0094
77,3,31-Jul-18,15,11:15:00,11:22:30,00:13:50,0.0096
33,2,01-Aug-18,12,14:28:08,14:34:35,00:13:59,0.0097
18,3,06-Aug-18,25,14:33:37,14:35:00,00:14:14,0.0099
45,3,25-Jul-18,8,07:19:39,07:24:14,00:14:36,0.0101
18,4,25-Jul-18,13,05:45:00,05:52:35,00:14:42,0.0102
77,3,29-Jul-18,13,17:30:00,17:35:00,00:15:00,0.0104
45,3,08-Aug-18,23,04:56:45,04:59:14,00:15:03,0.0105
30,3,22-Jul-18,7,20:16:59,20:20:29,00:16:18,0.0113
45,3,09-Aug-18,24,08:40:55,08:42:23,00:16:42,0.0116
29,1,05-Aug-18,22,22:38:39,22:43:17,00:16:58,0.0118
45,3,08-Aug-18,23,15:38:08,15:40:57,00:17:43,0.0123
75,1,31-Jul-18,20,08:39:42,08:45:00,00:17:49,0.0124
18,4,21-Jul-18,9,15:22:17,15:29:51,00:17:50,0.0124
78,2,03-Aug-18,17,08:11:58,08:13:16,00:17:57,0.0125
3,4,30-Jul-18,15,07:41:31,07:44:23,00:17:58,0.0125
47,3,30-Jul-18,9,18:16:52,18:22:28,00:18:06,0.0126
18,3,15-Jul-18,3,20:56:31,21:00:00,00:18:54,0.0131
33,2,30-Jul-18,10,16:54:26,16:57:48,00:18:51,0.0131
18,4,27-Jul-18,15,08:13:31,08:16:39,00:18:57,0.0132
45,3,06-Aug-18,21,21:35:35,21:45:02,00:19:00,0.0132
45,3,09-Aug-18,24,13:42:10,13:46:58,00:19:09,0.0133
45,3,13-Aug-18,28,08:37:14,08:38:02,00:19:47,0.0137
80,3,29-Jul-18,16,18:25:00,18:30:00,00:20:00,0.0139
53,3,24-Jul-18,8,19:37:43,19:44:04,00:20:08,0.014
33,2,03-Aug-18,14,12:57:49,12:03:32,00:20:38,0.0143
18,3,05-Aug-18,24,11:56:11,12:04:33,00:20:44,0.0144
53,3,31-Jul-18,15,13:09:45,13:13:26,00:20:52,0.0145
18,3,05-Aug-18,24,08:15:00,08:15:09,00:21:07,0.0147
53,3,25-Jul-18,9,14:38:59,14:42:31,00:21:20,0.0148
45,3,26-Jul-18,9,20:58:30,21:03:16,00:21:20,0.0148
18,4,22-Jul-18,10,21:14:03,21:15:31,00:21:33,0.015
78,2,01-Aug-18,15,14:03:38,14:07:04,00:21:41,0.0151
77,3,29-Jul-18,13,20:15:00,20:20:00,00:21:49,0.0152
77,3,02-Aug-18,17,17:47:06,17:52:30,00:22:06,0.0153
18,4,29-Jul-18,17,07:08:34,07:10:41,00:21:58,0.0153
77,1,06-Aug-18,21,06:10:09,06:12:40,00:22:13,0.0154
77,3,21-Jul-18,5,20:57:56,21:07:30,00:22:56,0.0159
45,3,13-Aug-18,28,19:20:21,19:26:16,00:22:56,0.0159
57,2,23-Jul-18,7,16:35:00,16:45:02,00:23:14,0.0161
29,1,25-Jul-18,12,12:26:53,12:34:43,00:23:08,0.0161
33,2,01-Aug-18,12,17:33:07,17:37:35,00:23:07,0.0161
45,3,08-Aug-18,23,04:38:51,04:41:42,00:23:19,0.0162
77,3,31-Jul-18,15,11:00:00,11:01:10,00:23:55,0.0166
33,2,10-Aug-18,21,14:47:10,14:49:13,00:23:55,0.0166
33,2,02-Aug-18,13,14:57:33,15:00:28,00:24:07,0.0167
33,2,06-Aug-18,17,14:16:45,14:23:49,00:24:15,0.0168
33,2,02-Aug-18,13,18:31:12,18:38:20,00:24:16,0.0169
22,3,20-Jul-18,9,06:42:03,06:47:30,00:24:33,0.017
45,3,20-Jul-18,3,08:13:25,08:19:40,00:24:40,0.0171
77,1,09-Aug-18,24,16:05:26,16:12:30,00:24:45,0.0172
77,3,30-Jul-18,14,10:20:00,10:23:24,00:25:00,0.0174
97,1,16-Jul-18,2,07:40:03,07:46:32,00:25:03,0.0174
45,3,07-Aug-18,22,12:43:18,12:46:02,00:25:24,0.0176
75,2,18-Jul-18,7,12:23:17,12:25:48,00:25:57,0.018
97,2,06-Aug-18,23,08:40:55,08:43:02,00:25:55,0.018
18,3,03-Aug-18,22,20:15:25,20:17:42,00:26:00,0.0181
22,3,22-Jul-18,11,16:20:00,16:27:30,00:26:14,0.0182
29,1,04-Aug-18,21,18:18:15,18:20:16,00:26:28,0.0184
53,3,31-Jul-18,15,15:53:48,15:55:31,00:26:46,0.0186
33,2,08-Aug-18,19,15:56:34,16:14:18,00:26:54,0.0187
33,2,04-Aug-18,15,12:41:27,12:45:52,00:27:07,0.0188
78,2,02-Aug-18,16,13:15:14,13:19:51,00:27:26,0.0191
18,3,31-Jul-18,19,18:48:05,19:01:01,00:27:26,0.0191
18,3,04-Aug-18,23,19:40:12,19:45:11,00:27:42,0.0192
18,3,03-Aug-18,22,09:04:32,09:06:00,00:27:50,0.0193
18,3,04-Aug-18,23,21:15:00,21:21:05,00:27:55,0.0194
45,3,09-Aug-18,24,15:28:09,15:29:45,00:28:06,0.0195
78,2,07-Aug-18,21,12:14:19,12:17:30,00:28:23,0.0197
3,4,27-Jul-18,12,18:49:06,19:04:29,00:28:50,0.02
18,3,04-Aug-18,23,07:11:33,07:30:00,00:28:47,0.02
45,3,09-Aug-18,24,15:58:41,16:01:31,00:28:56,0.0201
18,3,16-Jul-18,4,12:26:27,12:29:45,00:29:29,0.0205
77,3,29-Jul-18,13,19:50:00,19:53:11,00:30:00,0.0208
33,2,05-Aug-18,16,09:53:19,10:03:56,00:30:04,0.0209
18,3,06-Aug-18,25,10:36:40,10:38:26,00:30:19,0.0211
45,3,10-Aug-18,25,16:13:45,16:17:18,00:30:20,0.0211
29,1,04-Aug-18,21,12:15:31,12:18:30,00:30:31,0.0212
3,4,22-Jul-18,7,08:35:35,08:43:51,00:30:44,0.0213
45,3,26-Jul-18,9,09:52:40,09:58:06,00:30:45,0.0214
33,2,11-Aug-18,22,09:23:53,09:28:32,00:31:14,0.0217
78,2,08-Aug-18,22,16:39:01,06:43:23,00:31:25,0.0218
80,3,01-Aug-18,19,13:08:48,13:11:03,00:31:53,0.0221
18,3,31-Jul-18,19,18:00:47,18:20:38,00:31:53,0.0221
45,3,23-Jul-18,6,17:36:34,17:41:29,00:31:58,0.0222
53,3,28-Jul-18,12,20:56:21,20:56:21,00:32:26,0.0225
3,4,24-Jul-18,9,16:31:00,16:34:28,00:32:59,0.0229
18,3,09-Aug-18,28,15:01:50,15:04:02,00:33:01,0.0229
18,3,03-Aug-18,22,20:50:47,21:17:44,00:33:05,0.023
80,3,30-Jul-18,17,16:12:47,16:13:59,00:33:19,0.0231
18,3,06-Aug-18,25,08:10:17,08:26:28,00:33:35,0.0233
75,2,23-Jul-18,12,16:54:19,17:04:15,00:33:40,0.0234
18,3,05-Aug-18,24,10:55:48,10:57:49,00:33:44,0.0234
45,3,24-Jul-18,7,07:32:07,07:38:55,00:33:40,0.0234
80,3,29-Jul-18,16,10:25:34,10:27:52,00:34:19,0.0238
29,1,06-Aug-18,23,05:12:54,05:16:19,00:34:25,0.0239
97,2,04-Aug-18,21,09:45:00,10:01:04,00:34:40,0.0241
29,1,02-Aug-18,19,10:18:56,10:21:20,00:34:51,0.0242
33,2,28-Jul-18,8,20:17:18,20:22:40,00:34:48,0.0242
33,2,31-Jul-18,11,20:53:32,21:00:00,00:34:47,0.0242
80,3,30-Jul-18,17,15:37:19,15:39:28,00:35:48,0.0249
18,3,05-Aug-18,24,11:33:40,11:35:27,00:35:51,0.0249
33,2,02-Aug-18,13,12:08:17,12:10:36,00:35:51,0.0249
33,2,03-Aug-18,14,21:50:00,21:54:49,00:36:14,0.0252
18,3,03-Aug-18,22,21:55:00,21:59:14,00:37:17,0.0259
18,3,07-Aug-18,26,18:52:14,18:52:19,00:37:14,0.0259
77,3,22-Jul-18,6,19:20:00,19:27:30,00:37:30,0.026
18,3,04-Aug-18,23,10:34:26,10:56:25,00:37:28,0.026
29,1,06-Aug-18,23,04:35:48,04:38:29,00:37:46,0.0262
75,2,14-Jul-18,3,18:24:29,18:29:50,00:38:30,0.0267
22,3,24-Jul-18,13,07:42:45,07:44:30,00:38:27,0.0267
77,3,03-Aug-18,18,08:59:14,09:01:30,00:38:33,0.0268
45,3,09-Aug-18,24,09:20:57,09:23:51,00:38:34,0.0268
78,2,08-Aug-18,22,16:01:22,16:07:36,00:38:45,0.0269
77,3,31-Jul-18,15,16:01:22,16:12:30,00:38:52,0.027
29,1,29-Jul-18,16,22:19:30,22:23:22,00:38:58,0.0271
33,2,13-Aug-18,24,18:27:06,18:32:11,00:39:02,0.0271
77,3,02-Aug-18,17,07:41:29,07:43:19,00:40:00,0.0278
18,4,17-Jul-18,5,09:43:16,09:43:49,00:40:03,0.0278
33,2,05-Aug-18,16,10:44:28,10:49:02,00:40:32,0.0281
3,3,08-Aug-18,24,08:00:46,08:12:05,00:40:50,0.0284
18,3,09-Aug-18,28,15:44:52,16:05:40,00:40:50,0.0284
45,3,09-Aug-18,24,10:04:48,10:09:07,00:40:57,0.0284
80,3,01-Aug-18,19,09:20:19,09:21:50,00:41:11,0.0286
75,2,17-Jul-18,6,17:29:25,17:34:32,00:41:11,0.0286
22,3,24-Jul-18,13,15:39:19,15:48:45,00:41:19,0.0287
29,1,03-Aug-18,20,19:48:21,19:57:30,00:41:17,0.0287
33,2,06-Aug-18,17,13:49:11,13:52:30,00:41:19,0.0287
97,2,06-Aug-18,23,09:24:26,09:24:59,00:41:24,0.0288
29,1,06-Aug-18,23,05:57:43,06:00:19,00:41:24,0.0288
33,2,13-Aug-18,24,08:47:58,08:52:31,00:41:25,0.0288
18,3,04-Aug-18,23,19:07:57,19:12:30,00:41:37,0.0289
45,3,08-Aug-18,23,06:45:43,06:50:45,00:41:37,0.0289
45,3,07-Aug-18,22,13:27:49,12:32:07,00:41:47,0.029
45,3,10-Aug-18,25,18:54:45,18:57:41,00:41:43,0.029
18,2,15-Jul-18,3,08:16:47,08:18:56,00:42:07,0.0292
78,2,02-Aug-18,16,14:02:03,14:07:10,00:42:12,0.0293
97,2,03-Aug-18,20,07:42:20,07:52:30,00:42:20,0.0294
18,4,29-Jul-18,17,05:34:58,05:42:30,00:42:28,0.0295
77,3,02-Aug-18,17,06:59:43,07:01:29,00:42:54,0.0298
3,4,26-Jul-18,11,07:11,07:16:03,00:43:15,0.03
18,3,31-Jul-18,19,16:20:42,16:23:00,00:43:12,0.03
77,3,31-Jul-18,15,20:23:17,20:27:30,00:43:17,0.0301
78,2,30-Jul-18,13,14:33:29,14:42:28,00:43:29,0.0302
45,3,11-Aug-18,26,13:18:28,13:19:12,00:43:28,0.0302
80,3,01-Aug-18,19,08:38:07,08:39:08,00:43:34,0.0303
45,3,06-Aug-18,21,16:31:58,16:33:29,00:44:02,0.0306
33,2,31-Jul-18,11,08:05:00,08:10:55,00:44:18,0.0308
77,3,28-Jul-18,12,20:05:00,20:12:30,00:45:00,0.0313
80,3,27-Jul-18,14,06:45:00,06:50:00,00:45:00,0.0313
18,3,02-Aug-18,21,15:11:19,15:25:17,00:45:33,0.0316
33,2,27-Jul-18,7,05:49:00,05:56:41,00:45:40,0.0317
33,2,28-Jul-18,8,06:33:58,06:43:26,00:45:43,0.0317
30,3,19-Jul-18,4,20:04:38,20:11:26,00:45:48,0.0318
33,2,06-Aug-18,17,10:06:35,10:14:34,00:45:46,0.0318
18,3,05-Aug-18,24,10:19:54,10:22:04,00:46:11,0.0321
45,3,08-Aug-18,23,16:27:39,15:31:11,00:46:42,0.0324
18,4,29-Jul-18,17,11:09:19,11:11:07,00:46:49,0.0325
80,3,29-Jul-18,16,11:15:00,11:27:30,00:47:08,0.0327
57,2,21-Jul-18,5,17:50:00,17:53:05,00:47:31,0.033
29,1,29-Jul-18,16,11:54:28,12:01:06,00:47:52,0.0332
80,3,01-Aug-18,19,10:10:00,10:15:00,00:48:10,0.0334
33,2,06-Aug-18,17,15:11:53,15:16:56,00:48:04,0.0334
3,4,28-Jul-18,13,16:44:56,16:53:15,00:48:12,0.0335
3,4,22-Jul-18,7,12:27:59,12:37:30,00:48:49,0.0339
18,3,16-Jul-18,4,13:19:15,13:24:09,00:49:30,0.0344
77,3,31-Jul-18,15,15:18:08,15:22:30,00:49:39,0.0345
18,3,05-Aug-18,24,19:06:59,19:20:00,00:49:46,0.0346
77,3,26-Jul-18,10,22:05:00,21:12:30,00:50:00,0.0347
33,2,31-Jul-18,11,18:11:08,18:22:50,00:50:02,0.0347
78,2,08-Aug-18,22,09:24:17,09:30:00,00:50:16,0.0349
47,3,28-Jul-18,7,12:04:41,12:10:00,00:50:13,0.0349
78,2,02-Aug-18,16,12:30:22,12:31:12,00:50:21,0.035
78,2,21-Jul-18,4,18:10:29,18:16:37,00:50:29,0.0351
18,4,17-Jul-18,5,17:33:38,17:37:30,00:50:34,0.0351
3,3,07-Aug-18,23,20:57:32,21:00:00,00:50:47,0.0353
33,2,02-Aug-18,13,15:51:54,15:56:34,00:51:26,0.0357
22,3,21-Jul-18,10,14:37:37,14:47:30,00:51:48,0.036
77,1,06-Aug-18,21,11:19:34,11:21:18,00:51:55,0.0361
75,1,01-Aug-18,21,05:18:49,05:27:21,00:52:09,0.0362
75,1,01-Aug-18,21,11:02:44,11:05:44,00:52:17,0.0363
78,2,07-Aug-18,21,13:10:00,13:14:41,00:52:30,0.0365
3,4,28-Jul-18,13,11:41:55,11:47:34,00:53:02,0.0368
33,2,05-Aug-18,16,17:44:36,17:47:27,00:53:08,0.0369
78,2,27-Jul-18,10,16:24:23,16:31:29,00:53:22,0.0371
147,1,19-Jul-18,5,07:18:35,07:24:21,00:53:26,0.0371
18,4,25-Jul-18,13,09:48:34,09:57:33,00:53:22,0.0371
18,3,05-Aug-18,24,12:58:03,12:59:06,00:53:30,0.0372
78,2,01-Aug-18,15,08:21:11,08:25:00,00:53:43,0.0373
78,2,09-Aug-18,23,06:52:59,06:56:19,00:53:52,0.0374
45,3,10-Aug-18,25,15:41:59,15:43:25,00:53:56,0.0375
3,4,28-Jul-18,13,12:41:58,12:54:39,00:54:24,0.0378
78,2,08-Aug-18,22,12:59:38,13:00:29,00:54:38,0.0379
22,3,23-Jul-18,12,06:50:00,07:02:30,00:55:00,0.0382
18,4,24-Jul-18,12,15:39:07,15:40:51,00:55:16,0.0384
45,3,08-Aug-18,23,06:00:45,06:04:06,00:55:14,0.0384
77,3,29-Jul-18,13,08:23:01,08:27:30,00:55:31,0.0386
18,3,31-Jul-18,19,06:48:26,06:54:08,00:55:39,0.0386
45,3,06-Aug-18,21,14:04:24,14:07:17,00:56:12,0.039
3,4,25-Jul-18,10,11:05:36,11:09:27,00:56:30,0.0392
97,2,06-Aug-18,23,10:21:54,10:23:03,00:56:55,0.0395
29,1,27-Jul-18,14,09:45:37,09:52:42,00:56:56,0.0395
3,4,21-Jul-18,6,05:14:23,05:21:47,00:57:09,0.0397
29,1,02-Aug-18,19,05:53:28,05:58:41,00:57:06,0.0397
33,2,05-Aug-18,16,14:22:54,14:27:24,00:57:07,0.0397
77,3,01-Aug-18,16,17:58:27,18:22:30,00:57:29,0.0399
3,4,25-Jul-18,10,10:04:58,10:09:06,00:57:37,0.04
3,4,21-Jul-18,6,12:43:49,12:52:40,00:57:42,0.0401
18,4,24-Jul-18,12,16:38:32,16:48:53,00:57:41,0.0401
45,3,09-Aug-18,24,16:59:15,17:02:11,00:57:44,0.0401
53,3,27-Jul-18,11,20:44:11,20:54:37,00:58:05,0.0403
18,3,04-Aug-18,23,20:43:24,20:47:05,00:58:13,0.0404
45,3,22-Jul-18,5,13:25:09,13:32:21,00:58:14,0.0404
45,3,10-Aug-18,25,08:33:31,08:42:30,00:58:07,0.0404
22,3,20-Jul-18,9,14:30:58,14:35:00,00:58:27,0.0406
53,3,22-Jul-18,6,20:26:23,20:34:09,00:58:33,0.0407
53,3,27-Jul-18,11,17:15:00,17:17:45,00:58:38,0.0407
18,3,08-Aug-18,27,12:12:26,12:12:31,00:58:39,0.0407
29,1,26-Jul-18,13,22:19:10,22:24:40,00:59:10,0.0411
78,2,02-Aug-18,16,19:01:33,19:08:47,00:59:23,0.0412
78,2,08-Aug-18,22,10:29:56,10:53:56,00:59:56,0.0416
78,2,28-Jul-18,11,19:16:48,19:24:36,01:00:14,0.0418
75,1,05-Aug-18,25,16:37:39,16:39:13,01:00:09,0.0418
3,3,06-Aug-18,22,12:58:12,13:13:46,01:00:57,0.0423
33,2,27-Jul-18,7,15:05:46,15:14:05,01:00:55,0.0423
18,4,25-Jul-18,13,06:53:48,06:59:17,01:01:13,0.0425
33,2,04-Aug-18,15,12:05:21,12:09:13,01:01:12,0.0425
75,1,16-Aug-18,36,11:24:44,11:32:30,01:02:14,0.0432
22,3,18-Jul-18,7,07:12:30,07:22:30,01:02:30,0.0434
33,2,29-Jul-18,9,19:30:00,19:34:35,01:02:30,0.0434
33,2,11-Aug-18,22,16:06:02,16:21:45,01:02:30,0.0434
29,1,03-Aug-18,20,19:05,19:07:04,01:02:35,0.0435
45,3,08-Aug-18,23,16:33:59,16:37:42,01:02:48,0.0436
18,3,03-Aug-18,22,10:08:55,10:10:00,01:02:55,0.0437
18,3,02-Aug-18,21,13:02:06,13:11:03,01:03:11,0.0439
22,3,19-Jul-18,8,05:15:12,05:27:30,01:03:12,0.0439
53,3,25-Jul-18,9,15:45:55,15:48:15,01:03:24,0.044
18,4,29-Jul-18,17,06:45:53,06:46:36,01:03:23,0.044
78,2,02-Aug-18,16,07:25:40,07:29:55,01:03:28,0.0441
147,1,20-Jul-18,6,19:26:43,19:31:44,01:03:26,0.0441
3,3,19-Jul-18,4,13:21:48,13:28:39,01:03:41,0.0442
18,3,06-Aug-18,25,17:48:58,18:12:48,01:03:51,0.0443
18,3,31-Jul-18,19,17:27:09,17:28:54,01:04:09,0.0445
18,4,30-Jul-18,18,07:35:00,07:43:10,01:04:19,0.0447
18,3,04-Aug-18,23,08:34:31,08:45:01,01:04:31,0.0448
22,3,20-Jul-18,9,04:52:50,04:54:00,01:05:20,0.0454
18,4,19-Jul-18,7,07:57:59,08:03:52,01:05:29,0.0455
78,2,06-Aug-18,20,14:40:00,14:47:23,01:05:42,0.0456
77,3,31-Jul-18,15,07:13:34,07:17:30,01:05:43,0.0456
47,3,29-Jul-18,8,13:00:54,13:09:39,01:05:44,0.0456
45,3,07-Aug-18,22,15:58:26,16:00:33,01:05:38,0.0456
30,3,21-Jul-18,6,16:00:00,16:04:42,01:06:06,0.0459
78,2,08-Aug-18,22,12:00:18,12:05:00,01:06:22,0.0461
77,1,13-Aug-18,28,21:21:22,21:27:27,01:06:22,0.0461
18,3,31-Jul-18,19,11:02:43,11:16:17,01:06:47,0.0464
18,3,05-Aug-18,24,09:21:59,09:33:43,01:06:50,0.0464
77,3,31-Jul-18,15,10:35:00,10:36:05,01:07:30,0.0469
80,3,28-Jul-18,15,13:35:00,13:42:30,01:07:30,0.0469
18,4,21-Jul-18,9,06:09:26,06:16:59,01:07:36,0.0469
30,3,26-Jul-18,11,19:25:00,19:32:30,01:07:30,0.0469
33,2,13-Aug-18,24,10:00:22,10:03:56,01:07:51,0.0471
22,3,21-Jul-18,10,15:55:25,16:05:00,01:07:55,0.0472
78,2,03-Aug-18,17,07:51:18,07:54:01,01:08:11,0.0473
18,4,20-Jul-18,8,17:34:25,17:43:04,01:08:12,0.0474
78,2,01-Aug-18,15,13:38:23,13:41:57,01:08:30,0.0476
33,2,05-Aug-18,16,19:03:44,19:17:31,01:08:39,0.0477
78,2,09-Aug-18,23,05:54:22,05:59:07,01:09:09,0.048
30,3,20-Jul-18,5,10:31:46,10:41:52,01:09:35,0.0483
53,3,01-Aug-18,16,06:55:08,07:03:26,01:09:44,0.0484
77,2,17-Jul-18,1,20:26:07,20:32:30,01:09:53,0.0485
22,3,24-Jul-18,13,08:54:24,08:58:03,01:09:54,0.0485
18,3,04-Aug-18,23,09:55:00,09:56:58,01:09:59,0.0486
78,2,03-Aug-18,17,09:23:27,09:26:34,01:10:11,0.0487
47,3,29-Jul-18,8,21:42:09,21:54:02,01:10:18,0.0488
53,3,29-Jul-18,13,17:38:56,17:40:58,01:10:27,0.0489
77,3,30-Jul-18,14,08:11:53,08:16:37,01:10:32,0.049
29,1,05-Aug-18,22,09:11:35,09:14:22,01:11:14,0.0495
18,3,03-Aug-18,22,19:46:34,19:49:24,01:11:34,0.0497
3,4,24-Jul-18,9,13:35:00,13:38:45,01:11:54,0.0499
45,3,09-Aug-18,24,14:59:09,15:00:03,01:12:11,0.0501
18,3,02-Aug-18,21,14:23:17,14:25:46,01:12:14,0.0502
45,3,26-Jul-18,9,09:16:28,09:21:55,01:12:32,0.0504
18,3,08-Aug-18,27,13:25:25,13:25:35,01:12:54,0.0506
18,3,09-Aug-18,28,18:40:24,18:40:34,01:12:50,0.0506
22,3,14-Jul-18,3,18:42:56,18:52:30,01:12:56,0.0506
3,4,26-Jul-18,11,20:23:17,20:26:54,01:13:17,0.0509
45,3,25-Jul-18,8,08:37:30,08:42:20,01:13:16,0.0509
45,3,08-Aug-18,23,17:51:29,17:55:07,01:13:47,0.0512
33,2,03-Aug-18,14,21:09:00,21:13:46,01:14:00,0.0514
53,3,01-Aug-18,16,08:17:59,08:20:07,01:14:33,0.0518
18,3,02-Aug-18,21,19:50:00,20:00:44,01:14:46,0.0519
33,2,13-Aug-18,24,11:18:48,11:21:03,01:14:52,0.052
97,2,28-Jul-18,14,08:00:00,08:15:00,01:15:00,0.0521
3,4,28-Jul-18,13,10:37:56,10:48:53,01:15:16,0.0523
33,2,03-Aug-18,14,19:41:13,19:41:58,01:15:26,0.0524
53,3,31-Jul-18,15,20:14:02,20:15:45,01:15:40,0.0525
75,1,04-Aug-18,24,19:56:17,20:00:10,01:15:47,0.0526
22,3,20-Jul-18,9,06:09:49,06:17:30,01:15:49,0.0527
45,3,22-Jul-18,5,19:56:35,20:04:29,01:15:57,0.0527
77,3,22-Jul-18,6,11:21:03,11:23:04,01:16:03,0.0528
78,2,01-Aug-18,15,20:55:47,21:06:54,01:16:18,0.053
18,4,26-Jul-18,14,17:44:05,17:51:28,01:16:17,0.053
18,4,28-Jul-18,16,17:50:34,18:00:46,01:16:23,0.053
18,3,05-Aug-18,24,14:15:31,14:17:38,01:16:25,0.0531
78,2,07-Aug-18,21,18:28:27,18:34:37,01:16:33,0.0532
45,3,09-Aug-18,24,18:19:10,18:22:36,01:16:59,0.0535
53,3,01-Aug-18,16,11:49:47,11:52:11,01:17:14,0.0536
33,2,26-Jul-18,6,19:00:13,19:05:25,01:17:08,0.0536
18,4,22-Jul-18,10,07:15:00,07:26:19,01:17:30,0.0538
22,3,23-Jul-18,12,05:50:00,05:55:00,01:17:30,0.0538
53,3,30-Jul-18,14,09:35:54,09:38:45,01:17:39,0.0539
18,3,31-Jul-18,19,12:34:04,12:43:50,01:17:47,0.054
75,1,04-Aug-18,24,21:18:51,21:21:11,01:18:41,0.0546
45,3,06-Aug-18,21,15:25:57,15:36:11,01:18:40,0.0546
30,3,01-Aug-18,17,09:58:57,10:01:11,01:18:57,0.0548
45,3,08-Aug-18,23,12:50:47,12:53:34,01:18:54,0.0548
78,2,02-Aug-18,16,06:18:07,06:22:12,01:19:18,0.0551
45,3,06-Aug-18,21,17:52:49,17:54:20,01:19:20,0.0551
18,3,09-Aug-18,28,17:25:20,17:27:34,01:19:39,0.0553
78,2,07-Aug-18,21,07:25:00,07:35:00,01:20:00,0.0556
45,3,25-Jul-18,8,10:03:10,10:06:26,01:20:50,0.0561
77,3,30-Jul-18,14,19:46:53,19:52:39,01:21:18,0.0565
45,3,22-Jul-18,5,09:26:24,09:29:25,01:21:29,0.0566
53,3,21-Jul-18,5,18:00:21,18:12:07,01:22:12,0.0571
75,1,09-Aug-18,29,17:40:09,17:42:40,01:22:23,0.0572
53,3,01-Aug-18,16,13:14:40,13:18:42,01:22:29,0.0573
18,4,30-Jul-18,18,06:27:39,06:30:41,01:22:39,0.0574
45,3,11-Aug-18,26,14:41:54,14:45:00,01:22:42,0.0574
75,1,31-Jul-18,20,08:16:52,08:21:53,01:22:51,0.0575
45,3,23-Jul-18,6,19:04:18,19:10:08,01:22:49,0.0575
33,2,01-Aug-18,12,19:00:41,19:07:34,01:23:06,0.0577
29,1,02-Aug-18,19,09:40:45,09:44:05,01:23:17,0.0578
78,2,30-Jul-18,13,13:47:51,13:50:00,01:23:34,0.058
97,3,21-Jul-18,7,16:55:40,17:07:30,01:24:09,0.0584
18,3,05-Aug-18,24,20:44:05,20:57:08,01:24:05,0.0584
18,4,17-Jul-18,5,08:56:12,09:03:13,01:24:13,0.0585
18,4,25-Jul-18,13,20:37:31,20:46:32,01:24:44,0.0588
18,4,29-Jul-18,17,18:24:51,18:52:25,01:24:51,0.0589
45,3,25-Jul-18,8,15:50:07,15:55:32,01:24:53,0.0589
3,4,29-Jul-18,14,11:40:23,11:44:30,01:25:04,0.0591
75,2,25-Jul-18,14,05:46:13,05:56:46,01:25:19,0.0592
80,3,20-Jul-18,7,19:59:56,20:06:56,01:25:31,0.0594
18,4,26-Jul-18,14,08:40:07,08:53:54,01:25:48,0.0596
33,2,29-Jul-18,9,14:44:59,14:52:30,01:26:02,0.0597
33,2,02-Aug-18,13,11:30:00,11:32:26,01:25:57,0.0597
33,2,11-Aug-18,22,17:47:55,17:50:02,01:26:10,0.0598
18,4,17-Jul-18,5,16:40:00,16:43:04,01:26:14,0.0599
78,2,28-Jul-18,11,18:12:58,18:16:34,01:26:39,0.0602
75,1,07-Aug-18,27,16:36:36,16:40:30,01:26:52,0.0603
53,3,21-Jul-18,5,19:39:26,19:46:09,01:27:19,0.0606
18,3,05-Aug-18,24,07:53:12,07:53:53,01:27:17,0.0606
18,3,08-Aug-18,27,14:53:00,15:16:38,01:27:25,0.0607
80,3,29-Jul-18,16,18:00:00,18:05:00,01:27:30,0.0608
57,2,24-Jul-18,8,15:30:00,15:39:48,01:27:48,0.061
3,4,30-Jul-18,15,11:43:01,11:57:15,01:28:01,0.0611
18,4,29-Jul-18,17,08:39:25,08:41:04,01:28:44,0.0616
80,3,23-Jul-18,10,16:46:53,16:54:05,01:29:23,0.0621
78,2,09-Aug-18,23,12:27:50,12:31:15,01:29:41,0.0623
78,2,05-Aug-18,19,19:50:00,20:08:10,01:30:00,0.0625
77,3,28-Jul-18,12,10:15:00,10:20:00,01:30:00,0.0625
75,2,26-Jul-18,15,14:18:17,13:24:18,01:30:10,0.0626
18,4,30-Jul-18,18,18:05:43,18:10:00,01:30:15,0.0627
80,3,30-Jul-18,17,10:25:00,10:36:56,01:30:26,0.0628
33,2,05-Aug-18,16,20:47:56,20:53:50,01:30:25,0.0628
75,1,29-Jul-18,18,09:07:19,09:09:09,01:30:59,0.0632
29,1,30-Jul-18,17,16:22:42,16:25:36,01:31:19,0.0634
78,2,21-Jul-18,4,19:48:21,19:50:57,01:31:44,0.0637
47,3,31-Jul-18,10,14:51:07,14:59:37,01:32:01,0.0639
3,4,21-Jul-18,6,06:53:59,07:00:12,01:32:12,0.064
77,3,26-Jul-18,10,13:10:00,13:15:00,01:32:30,0.0642
78,2,08-Aug-18,22,18:49:59,18:52:03,01:32:55,0.0645
77,1,14-Aug-18,29,08:36:54,08:40:33,01:33:03,0.0646
3,4,24-Jul-18,9,08:36:05,08:45:20,01:33:09,0.0647
45,3,08-Aug-18,23,21:24:34,21:26:46,01:33:12,0.0647
77,3,30-Jul-18,14,09:50:00,09:55:00,01:33:23,0.0648
33,1,20-Jul-18,1,08:39:53,08:47:38,01:33:24,0.0649
22,3,16-Jul-18,5,14:20:30,14:27:00,01:34:13,0.0654
33,2,20-Jul-18,1,17:35:00,17:44:51,01:34:13,0.0654
3,4,26-Jul-18,11,06:19:37,06:27:53,01:34:24,0.0656
33,2,04-Aug-18,15,08:42:06,08:45:32,01:34:33,0.0657
80,3,31-Jul-18,18,21:43:13,21:44:12,01:34:53,0.0659
77,3,24-Jul-18,8,07:05:00,07:10:00,01:35:00,0.066
80,3,30-Jul-18,17,21:20:00,21:24:11,01:35:00,0.066
18,4,26-Jul-18,14,16:15:09,16:18:49,01:35:09,0.0661
3,4,21-Jul-18,6,20:05:35,20:16:06,01:36:03,0.0667
97,2,29-Jul-18,15,16:00:00,16:15:00,01:36:20,0.0669
18,4,27-Jul-18,15,07:53:20,07:54:34,01:36:16,0.0669
53,3,25-Jul-18,9,05:48:55,06:00:50,01:36:43,0.0672
33,2,26-Jul-18,6,17:37:25,17:43:05,01:36:46,0.0672
18,4,29-Jul-18,17,10:18:08,10:22:30,01:37:04,0.0674
78,2,31-Jul-18,14,19:26:36,19:31:40,01:37:09,0.0675
33,2,13-Aug-18,24,07:46:15,08:06:33,01:37:16,0.0675
57,2,24-Jul-18,8,08:10:00,08:16:45,01:37:30,0.0677
78,2,01-Aug-18,15,10:03:01,10:07:34,01:38:01,0.0681
77,3,31-Jul-18,15,22:05:30,22:09:40,01:38:00,0.0681
97,2,06-Aug-18,23,08:00:00,08:15:00,01:38:08,0.0681
33,2,29-Jul-18,9,18:20:00,18:27:30,01:38:51,0.0686
53,3,30-Jul-18,14,11:31:12,11:31:48,01:38:55,0.0687
18,3,06-Aug-18,25,10:05:40,10:06:21,01:39:12,0.0689
22,3,18-Jul-18,7,14:52:51,15:02:30,01:39:34,0.0691
80,3,02-Aug-18,20,12:10:28,12:30:00,01:39:38,0.0692
77,3,29-Jul-18,13,19:15:00,19:20:00,01:40:00,0.0694
75,2,13-Jul-18,2,17:05:26,17:14:17,01:40:26,0.0697
53,3,22-Jul-18,6,22:14:35,22:18:29,01:40:26,0.0697
18,3,06-Aug-18,25,14:18:36,14:19:23,01:41:10,0.0703
77,3,01-Aug-18,16,22:35:59,22:37:26,01:41:20,0.0704
3,4,21-Jul-18,6,14:34:14,12:41:57,01:41:34,0.0705
53,3,28-Jul-18,12,17:04:26,17:16:53,01:41:56,0.0708
45,3,26-Jul-18,9,14:24:50,14:28:22,01:41:58,0.0708
77,3,31-Jul-18,15,06:04:26,06:07:51,01:42:10,0.0709
57,2,23-Jul-18,7,12:05:00,12:09:05,01:42:30,0.0712
22,3,17-Jul-18,6,19:12,19:22:30,01:42:32,0.0712
33,2,29-Jul-18,9,16:35:00,16:41:09,01:42:30,0.0712
29,1,29-Jul-18,16,08:54:06,08:56:38,01:42:56,0.0715
30,3,01-Aug-18,17,08:37:07,08:40:00,01:42:55,0.0715
3,4,24-Jul-18,9,18:17:37,18:26:16,01:43:09,0.0716
77,3,24-Jul-18,8,05:25:00,05:30:00,01:43:19,0.0717
3,4,29-Jul-18,14,17:44:51,18:00:42,01:43:27,0.0718
3,4,28-Jul-18,13,18:36:52,18:45:55,01:43:37,0.072
33,2,01-Aug-18,12,20:51:42,21:01:41,01:44:09,0.0723
33,2,27-Jul-18,7,13:58:34,14:04:51,01:44:24,0.0725
47,3,27-Jul-18,6,18:16:48,18:30:27,01:44:32,0.0726
33,2,28-Jul-18,8,14:36:59,14:47:30,01:44:29,0.0726
78,2,24-Jul-18,7,09:47:51,09:53:44,01:44:39,0.0727
97,2,28-Jul-18,14,06:30:00,06:45:00,01:45:00,0.0729
29,1,06-Aug-18,23,07:45:23,07:48:29,01:45:04,0.073
45,3,22-Jul-18,5,21:49:35,21:53:22,01:45:06,0.073
77,3,03-Aug-18,18,10:46:48,10:50:46,01:45:18,0.0731
75,2,18-Jul-18,7,22:14:37,22:17:20,01:45:21,0.0732
53,3,31-Jul-18,15,14:58:58,15:27:02,01:45:32,0.0733
33,2,13-Aug-18,24,17:43:09,17:48:04,01:45:35,0.0733
33,2,28-Jul-18,8,19:35:00,19:42:30,01:46:18,0.0738
80,3,20-Jul-18,7,16:08:03,16:13:31,01:46:24,0.0739
75,2,16-Jul-18,5,20:37:55,20:43:25,01:47:00,0.0743
57,2,26-Jul-18,10,10:19:32,10:22:30,01:47:02,0.0743
29,1,30-Jul-18,17,18:26:26,18:30:46,01:47:11,0.0744
33,2,02-Aug-18,13,17:43:43,17:49:09,01:47:09,0.0744
45,3,20-Jul-18,3,15:28:29,13:35:24,01:47:04,0.0744
53,3,30-Jul-18,14,19:32:53,19:36:22,01:47:25,0.0746
18,4,23-Jul-18,11,10:04:57,10:09:01,01:47:23,0.0746
80,3,31-Jul-18,18,16:44:13,16:46:33,01:47:32,0.0747
30,3,23-Jul-18,8,09:50:00,09:55:30,01:48:58,0.0757
18,3,03-Aug-18,22,15:02:08,15:04:00,01:49:16,0.0759
80,3,31-Jul-18,18,08:55:00,09:00:00,01:50:00,0.0764
18,4,21-Jul-18,9,17:20:00,17:26:02,01:50:09,0.0765
29,2,15-Jul-18,2,17:04:11,15:08:30,01:50:42,0.0769
29,1,28-Jul-18,15,09:02:38,09:10:53,01:50:53,0.077
45,3,11-Aug-18,26,16:35:55,16:36:42,01:50:55,0.077
18,2,15-Jul-18,3,10:10:00,10:15:00,01:51:04,0.0771
30,3,19-Jul-18,4,22:02:31,22:07:05,01:51:05,0.0771
77,3,01-Aug-18,16,10:35:20,10:45:00,01:51:12,0.0772
18,4,25-Jul-18,13,08:50:28,08:55:12,01:51:11,0.0772
45,3,10-Aug-18,25,21:12:53,21:15:43,01:51:06,0.0772
78,2,06-Aug-18,20,16:46:05,16:50:00,01:51:18,0.0773
18,3,03-Aug-18,22,08:34:03,08:36:42,01:51:27,0.0774
33,2,06-Aug-18,17,07:54:46,08:10:37,01:51:25,0.0774
33,2,31-Jul-18,11,20:14:22,20:18:45,01:51:32,0.0775
33,2,02-Aug-18,13,09:59:57,10:04:03,01:51:37,0.0775
53,3,31-Jul-18,15,09:33:33,09:40:56,01:51:42,0.0776
53,3,25-Jul-18,9,07:52:52,08:04:41,01:52:02,0.0778
29,1,27-Jul-18,14,18:32:45,18:38:23,01:52:00,0.0778
3,4,27-Jul-18,12,08:41:09,08:44:53,01:52:14,0.0779
33,2,12-Aug-18,23,11:16:17,11:19:00,01:52:12,0.0779
45,3,22-Jul-18,5,07:56:45,08:04:55,01:52:21,0.078
22,3,21-Jul-18,10,11:35,11:38:29,01:52:30,0.0781
45,3,10-Aug-18,25,18:10:00,18:13:02,01:52:42,0.0783
75,2,26-Jul-18,15,05:42:01,05:46:20,01:53:35,0.0789
53,3,26-Jul-18,10,09:47:38,09:59:00,01:53:40,0.0789
77,3,20-Jul-18,4,22:49:07,22:57:30,01:54:07,0.0792
97,2,02-Aug-18,19,17:25:58,16:29:40,01:54:12,0.0793
18,4,20-Jul-18,8,16:20:00,16:26:13,01:54:24,0.0794
18,4,24-Jul-18,12,14:38:27,14:43:50,01:54:20,0.0794
80,3,21-Jul-18,8,21:20:00,21:27:30,01:54:30,0.0795
75,1,02-Aug-18,22,05:38:20,05:43:44,01:54:30,0.0795
22,3,22-Jul-18,11,18:22:01,18:32:30,01:54:31,0.0795
45,3,08-Aug-18,23,19:49:56,19:51:22,01:54:49,0.0797
22,3,17-Jul-18,6,21:17:50,21:20:00,01:55:20,0.0801
18,4,18-Jul-18,6,17:40:08,17:48:20,01:55:30,0.0802
75,1,03-Aug-18,23,13:58:32,14:00:26,01:55:44,0.0804
53,3,20-Jul-18,4,20:59:34,21:06:53,01:56:05,0.0806
29,1,27-Jul-18,14,11:48:42,11:54:25,01:56:00,0.0806
77,3,26-Jul-18,10,11:33:42,11:37:30,01:56:12,0.0807
3,4,24-Jul-18,9,20:22:30,20:25:41,01:56:14,0.0807
18,3,06-Aug-18,25,20:09:04,20:44:12,01:56:16,0.0807
18,3,06-Aug-18,25,12:34:49,12:37:26,01:56:23,0.0808
75,2,26-Jul-18,15,07:42:48,07:55:46,01:56:28,0.0809
18,4,28-Jul-18,16,19:57:37,20:14:05,01:56:51,0.0811
53,3,01-Aug-18,16,10:17:06,10:32:33,01:56:59,0.0812
18,3,03-Aug-18,22,06:40:00,06:42:36,01:56:58,0.0812
45,3,25-Jul-18,8,12:03:21,12:10:40,01:56:55,0.0812
77,3,21-Jul-18,5,16:25:00,16:32:30,01:57:30,0.0816
45,3,24-Jul-18,7,06:52:12,06:58:27,01:57:31,0.0816
80,3,01-Aug-18,19,07:52:27,07:54:33,01:57:49,0.0818
75,2,16-Jul-18,5,18:46:52,18:50:55,01:58:09,0.082
18,4,30-Jul-18,18,09:41:15,10:00:13,01:58:05,0.082
33,2,03-Aug-18,14,07:02:47,07:08:13,01:58:05,0.082
18,3,31-Jul-18,19,20:59:12,21:02:09,01:58:11,0.0821
18,4,29-Jul-18,17,20:50:48,20:57:30,01:58:23,0.0822
33,2,27-Jul-18,7,21:04:05,21:07:30,01:58:20,0.0822
75,1,27-Jul-18,16,19:16:48,19:20:00,01:58:40,0.0824
18,4,27-Jul-18,15,21:23:29,21:27:14,01:58:38,0.0824
29,1,28-Jul-18,15,11:09:30,11:10:45,01:58:37,0.0824
53,3,27-Jul-18,11,16:00:37,16:16:22,01:58:56,0.0826
77,3,29-Jul-18,13,07:24:10,07:27:30,01:59:10,0.0828
53,3,20-Jul-18,4,18:53:47,19:03:29,01:59:16,0.0828
33,2,05-Aug-18,16,07:03:38,07:08:05,01:59:29,0.083
53,3,26-Jul-18,10,19:59:10,20:11:14,01:59:40,0.0831
33,2,26-Jul-18,6,15:50:13,16:00:39,01:59:48,0.0832
53,3,29-Jul-18,13,19:40:56,20:06:17,01:59:58,0.0833
30,3,22-Jul-18,7,09:19:47,09:26:46,01:59:54,0.0833
18,4,24-Jul-18,12,07:47:24,07:54:19,02:00:15,0.0835
147,2,18-Jul-18,4,15:28:10,15:38:05,02:00:27,0.0836
18,4,27-Jul-18,15,06:11:35,06:17:04,02:00:22,0.0836
33,2,04-Aug-18,15,06:56:30,07:07:33,02:00:26,0.0836
53,3,22-Jul-18,6,14:05:32,14:12:01,02:00:32,0.0837
77,3,02-Aug-18,17,09:44:38,09:48:07,02:01:19,0.0842
75,2,25-Jul-18,14,19:42:26,19:53:19,02:01:20,0.0843
78,2,27-Jul-18,10,15:25:08,15:31:01,02:01:35,0.0844
3,4,23-Jul-18,8,06:00:00,06:09:55,02:01:31,0.0844
47,3,26-Jul-18,5,15:59:24,16:05:56,02:01:41,0.0845
22,3,19-Jul-18,8,12:03:57,12:12:30,02:01:52,0.0846
45,3,12-Aug-18,27,10:21:38,10:22:25,02:02:11,0.0848
29,1,03-Aug-18,20,21:59:48,22:02:32,02:02:18,0.0849
77,3,20-Jul-18,4,06:55:00,07:00:00,02:02:30,0.0851
57,2,20-Jul-18,4,19:40:00,19:47:30,02:02:42,0.0852
3,4,29-Jul-18,14,20:03:21,20:05:40,02:02:39,0.0852
53,3,23-Jul-18,7,18:59:47,19:16:18,02:03:19,0.0856
47,3,28-Jul-18,7,14:13:16,14:20:00,02:03:16,0.0856
53,3,22-Jul-18,6,19:25:00,19:27:50,02:03:33,0.0858
18,4,30-Jul-18,18,20:13:43,20:18:11,02:03:43,0.0859
78,2,24-Jul-18,7,11:57:52,12:03:58,02:04:08,0.0862
47,3,29-Jul-18,8,06:29:35,06:37:29,02:04:09,0.0862
22,3,23-Jul-18,12,14:10:00,12:17:30,02:04:14,0.0863
75,1,06-Aug-18,26,06:42:47,06:45:00,02:04:24,0.0864
3,4,24-Jul-18,9,06:54:17,07:02:56,02:04:22,0.0864
78,2,25-Jul-18,8,09:32:04,09:41:56,02:04:34,0.0865
22,3,18-Jul-18,7,19:37:03,19:47:30,02:04:33,0.0865
22,3,21-Jul-18,10,13:43:07,13:45:49,02:04:38,0.0866
77,3,31-Jul-18,15,09:22:28,09:27:30,02:04:58,0.0868
80,3,02-Aug-18,20,14:35:00,14:38:08,02:05:00,0.0868
30,3,29-Jul-18,14,18:30:00,18:42:30,02:05:00,0.0868
29,1,29-Jul-18,16,11:01:59,11:06:36,02:05:21,0.087
29,1,27-Jul-18,14,20:44:16,20:50:21,02:05:53,0.0874
3,4,21-Jul-18,6,18:27:03,18:29:32,02:06:04,0.0875
78,2,23-Jul-18,6,13:21:12,13:28:03,02:06:12,0.0876
78,2,25-Jul-18,8,21:42:03,21:46:38,02:06:12,0.0876
97,3,24-Jul-18,10,08:45:00,09:00:00,02:06:16,0.0877
33,2,25-Jul-18,6,18:09:57,18:22:27,02:06:45,0.088
22,3,24-Jul-18,13,14:52:56,14:58:00,02:06:50,0.0881
45,3,13-Aug-18,28,14:31:47,14:31:57,02:07:17,0.0884
80,3,30-Jul-18,17,08:51:08,08:54:34,02:07:25,0.0885
3,4,24-Jul-18,9,15:46:14,15:58:01,02:07:28,0.0885
30,3,22-Jul-18,7,07:15:00,07:19:53,02:07:55,0.0888
45,3,25-Jul-18,8,14:18:40,14:25:14,02:08:00,0.0889
78,2,23-Jul-18,6,11:13:06,11:15:00,02:08:06,0.089
3,4,20-Jul-18,5,14:26:02,14:32:51,02:08:25,0.0892
78,2,30-Jul-18,13,07:03:43,07:47:23,02:08:43,0.0894
18,4,17-Jul-18,5,11:52:48,12:00:06,02:08:59,0.0896
18,4,23-Jul-18,11,20:34:42,20:44:47,02:09:05,0.0896
78,2,30-Jul-18,13,19:54:48,20:05:51,02:09:11,0.0897
18,4,28-Jul-18,16,10:26:41,10:37:12,02:09:13,0.0897
29,1,28-Jul-18,15,16:23:30,16:27:14,02:09:13,0.0897
18,3,07-Aug-18,26,21:14:54,21:15:04,02:09:36,0.09
22,3,23-Jul-18,12,12:01:29,12:05:46,02:09:45,0.0901
18,3,06-Aug-18,25,16:44:56,16:45:07,02:09:56,0.0902
3,4,23-Jul-18,8,17:39:19,17:49:33,02:10:01,0.0903
18,4,19-Jul-18,7,17:47:11,17:50:33,02:09:59,0.0903
75,2,17-Jul-18,6,16:42:19,16:48:14,02:10:57,0.0909
18,4,23-Jul-18,11,18:20:00,18:25:37,02:11:18,0.0912
75,1,02-Aug-18,22,07:55:31,08:01:52,02:11:47,0.0915
18,4,22-Jul-18,10,12:25:00,12:37:30,02:11:51,0.0916
78,2,23-Jul-18,6,20:03:10,20:10:18,02:12:19,0.0919
78,2,01-Aug-18,15,12:19:56,12:29:53,02:12:22,0.0919
77,3,22-Jul-18,6,10:00:00,10:05:00,02:12:30,0.092
77,3,25-Jul-18,9,14:35:00,14:42:30,02:12:30,0.092
77,3,28-Jul-18,12,19:15:00,19:20:00,02:12:30,0.092
18,4,22-Jul-18,10,18:00:00,18:06:24,02:12:30,0.092
18,2,14-Jul-18,2,16:06:59,16:11:07,02:12:47,0.0922
33,2,05-Aug-18,16,09:20:56,09:23:15,02:12:51,0.0923
29,1,04-Aug-18,21,11:43:07,11:45:00,02:13:07,0.0924
3,4,27-Jul-18,12,06:43:50,06:48:55,02:13:12,0.0925
33,2,04-Aug-18,15,10:59:04,11:04:09,02:13:32,0.0927
22,3,21-Jul-18,10,09:32:11,09:42:30,02:14:41,0.0935
80,3,27-Jul-18,14,09:05:00,09:09:11,02:15:00,0.0938
80,3,01-Aug-18,19,12:30:00,12:36:55,02:15:00,0.0938
97,3,25-Jul-18,11,09:30:00,09:45:00,02:15:00,0.0938
18,4,18-Jul-18,6,11:12:30,11:18:00,02:15:00,0.0938
33,2,20-Jul-18,1,20:00:00,20:07:30,02:15:09,0.0939
75,1,07-Aug-18,27,15:07:46,15:09:44,02:15:56,0.0944
29,1,24-Jul-18,11,20:25:00,20:28:08,02:15:57,0.0944
29,1,02-Aug-18,19,08:14:41,08:17:28,02:16:00,0.0944
45,3,22-Jul-18,5,05:58:51,06:04:24,02:16:02,0.0945
77,3,03-Aug-18,18,13:07:01,13:08:17,02:16:15,0.0946
80,3,24-Jul-18,11,13:41:12,14:49:32,02:16:22,0.0947
80,3,20-Jul-18,7,18:30:00,18:34:25,02:16:29,0.0948
53,3,27-Jul-18,11,19:34:20,19:46:06,02:16:35,0.0948
80,3,03-Aug-18,21,09:54:26,09:56:01,02:16:56,0.0951
75,2,25-Jul-18,14,08:13:42,08:17:46,02:16:56,0.0951
45,3,07-Aug-18,22,14:49:15,14:52:48,02:17:08,0.0952
33,2,05-Aug-18,16,16:45:00,16:51:28,02:17:36,0.0956
77,3,30-Jul-18,14,15:12:38,15:32:30,02:18:20,0.0961
78,2,08-Aug-18,22,15:19:04,15:22:37,02:18:35,0.0962
53,3,24-Jul-18,8,15:49:29,15:54:46,02:18:30,0.0962
78,2,06-Aug-18,20,19:08:36,19:20:17,02:18:36,0.0963
47,3,30-Jul-18,9,17:46:06,17:58:46,02:18:48,0.0964
18,4,23-Jul-18,11,15:54:06,16:08:42,02:18:48,0.0964
78,2,24-Jul-18,7,18:55:00,19:01:32,02:18:59,0.0965
3,4,30-Jul-18,15,10:03:21,10:15:00,02:18:58,0.0965
18,4,24-Jul-18,12,19:08,19:16:53,02:19:17,0.0967
77,3,01-Aug-18,16,16:46:55,17:00:58,02:19:25,0.0968
30,3,20-Jul-18,5,18:52:56,19:02:52,02:19:28,0.0969
33,2,02-Aug-18,13,14:30:45,14:33:26,02:20:09,0.0973
45,3,07-Aug-18,22,12:17:11,12:17:54,02:20:05,0.0973
29,3,16-Jul-18,3,19:45:00,20:00:00,02:20:35,0.0976
47,3,31-Jul-18,10,10:07:34,10:21:05,02:20:39,0.0977
47,3,28-Jul-18,7,21:11:48,21:17:01,02:20:49,0.0978
18,3,06-Aug-18,25,07:23:27,07:36:42,02:20:58,0.0979
33,2,02-Aug-18,13,20:59:28,21:05:54,02:21:08,0.098
33,2,05-Aug-18,16,13:11:00,13:25:47,02:21:58,0.0986
78,2,25-Jul-18,8,07:18:19,07:27:30,02:22:08,0.0987
78,2,31-Jul-18,14,17:45:00,17:49:27,02:22:05,0.0987
45,3,26-Jul-18,9,16:50:44,17:00:42,02:22:22,0.0989
77,3,21-Jul-18,5,06:25:00,06:30:00,02:22:30,0.099
53,3,21-Jul-18,5,22:08:40,22:13:13,02:22:32,0.099
22,3,18-Jul-18,7,13:05:00,13:13:17,02:22:30,0.099
22,3,18-Jul-18,7,17:25:00,17:32:30,02:22:30,0.099
33,2,01-Aug-18,12,16:57:07,17:02:46,02:22:32,0.099
47,3,29-Jul-18,8,20:22:41,20:31:51,02:22:40,0.0991
30,3,22-Jul-18,7,17:10:21,17:18:15,02:22:51,0.0992
75,2,24-Jul-18,13,18:41:34,18:51:27,02:23:24,0.0996
75,1,29-Jul-18,18,11:32:31,11:37:40,02:23:22,0.0996
3,4,25-Jul-18,10,16:58:31,17:08:58,02:23:24,0.0996
29,2,15-Jul-18,2,12:31:54,12:43:44,02:24:24,0.1003
45,3,08-Aug-18,23,15:18:18,15:20:25,02:24:44,0.1005
77,3,29-Jul-18,13,22:45:00,20:50:00,02:25:00,0.1007
77,3,30-Jul-18,14,12:48:27,12:54:18,02:25:02,0.1007
30,3,21-Jul-18,6,18:30:00,18:39:35,02:25:18,0.1009
29,2,15-Jul-18,2,15:09:15,15:13:29,02:25:31,0.1011
18,4,26-Jul-18,14,20:17:17,20:32:16,02:25:49,0.1013
29,1,05-Aug-18,22,11:40:40,11:43:37,02:26:17,0.1016
97,2,05-Aug-18,22,12:23:52,12:37:30,02:26:28,0.1017
29,1,30-Jul-18,17,09:53:30,10:00:07,02:26:30,0.1017
30,3,22-Jul-18,7,19:44:45,20:00:41,02:26:31,0.1017
3,4,26-Jul-18,11,19:03:56,19:10:00,02:26:38,0.1018
78,2,07-Aug-18,21,21:01:18,21:11:14,02:26:41,0.1019
18,4,26-Jul-18,14,11:20:34,11:23:59,02:26:40,0.1019
22,3,22-Jul-18,11,21:00:00,21:05:00,02:27:30,0.1024
53,3,01-Aug-18,16,15:46:28,16:08:51,02:27:46,0.1026
29,1,29-Jul-18,16,21:35:15,21:40:32,02:27:54,0.1027
77,3,01-Aug-18,16,20:51:34,20:54:40,02:29:04,0.1035
3,4,20-Jul-18,5,17:02:33,17:11:45,02:29:42,0.104
77,3,30-Jul-18,14,06:47:36,06:48:53,02:30:06,0.1042
97,3,23-Jul-18,9,22:30:00,22:45:00,02:30:00,0.1042
75,2,16-Jul-18,5,08:26:56,08:31:59,02:30:37,0.1046
18,4,29-Jul-18,17,16:49:39,17:00:00,02:30:37,0.1046
77,3,23-Jul-18,7,07:48:46,07:52:30,02:31:44,0.1054
78,2,31-Jul-18,14,08:13:34,08:23:32,02:32:25,0.1058
33,2,03-Aug-18,14,09:40:53,09:44:09,02:32:40,0.106
18,4,28-Jul-18,16,13:34:59,13:40:00,02:32:50,0.1061
22,3,19-Jul-18,8,19:20:00,19:47:30,02:32:56,0.1062
78,2,23-Jul-18,6,09:00:45,09:05:00,02:33:15,0.1064
3,4,22-Jul-18,7,07:55:59,08:04:51,02:33:15,0.1064
18,2,14-Jul-18,2,18:44:40,18:46:37,02:33:33,0.1066
53,3,30-Jul-18,14,08:15:34,08:18:15,02:33:43,0.1067
45,3,27-Jul-18,10,16:07:04,16:11:14,02:33:44,0.1068
97,2,01-Aug-18,18,22:00:02,22:09:42,02:34:01,0.107
78,2,26-Jul-18,9,12:44:45,12:50:39,02:34:20,0.1072
77,3,22-Jul-18,6,07:42:40,07:47:30,02:35:10,0.1078
77,3,01-Aug-18,16,08:33:09,08:35:42,02:35:26,0.1079
53,3,31-Jul-18,15,18:30:55,18:58:22,02:35:24,0.1079
33,2,29-Jul-18,9,13:13:40,13:18:57,02:35:35,0.108
53,3,26-Jul-18,10,12:35:00,12:37:11,02:36:00,0.1083
75,1,31-Jul-18,20,19:15:46,19:25:18,02:36:26,0.1086
22,3,15-Jul-18,4,22:00:00,22:10:55,02:36:38,0.1088
75,2,15-Jul-18,4,12:10:31,12:19:24,02:36:50,0.1089
18,4,21-Jul-18,9,20:02:52,20:17:30,02:36:50,0.1089
22,3,14-Jul-18,3,17:15:00,17:30:00,02:37:01,0.109
78,2,24-Jul-18,7,21:38:49,21:43:13,02:37:17,0.1092
78,2,05-Aug-18,19,18:18:07,18:20:00,02:37:14,0.1092
77,3,03-Aug-18,18,08:17:19,08:20:41,02:37:19,0.1092
97,2,31-Jul-18,17,14:45:49,13:52:59,02:37:11,0.1092
45,3,25-Jul-18,8,18:32:45,18:36:40,02:37:13,0.1092
45,3,10-Aug-18,25,14:42:24,14:45:00,02:37:24,0.1093
18,3,08-Aug-18,27,17:54:08,18:05:57,02:37:30,0.1094
18,4,22-Jul-18,10,10:04:01,10:13:08,02:37:42,0.1095
75,2,23-Jul-18,12,16:16:12,16:20:39,02:37:47,0.1096
53,3,24-Jul-18,8,10:21:50,10:35:42,02:38:16,0.1099
75,2,17-Jul-18,6,08:58:50,09:07:26,02:38:50,0.1103
18,4,28-Jul-18,16,08:00:00,08:17:27,02:38:54,0.1103
45,3,26-Jul-18,9,12:37:13,12:42:52,02:39:07,0.1105
45,3,23-Jul-18,6,12:47:19,12:49:54,02:39:31,0.1108
18,4,26-Jul-18,14,23:12:16,23:17:40,02:40:00,0.1111
53,3,24-Jul-18,8,13:15:49,13:30:59,02:40:07,0.1112
33,2,06-Aug-18,17,12:54:49,12:58:14,02:40:15,0.1113
47,3,30-Jul-18,9,07:22:26,07:29:30,02:40:25,0.1114
97,2,05-Aug-18,22,22:15:21,22:23:32,02:40:22,0.1114
29,1,05-Aug-18,22,07:47:01,08:00:21,02:40:28,0.1114
78,2,25-Jul-18,8,16:11:38,16:18:16,02:40:39,0.1116
18,4,22-Jul-18,10,20:47:08,20:52:30,02:40:44,0.1116
3,3,20-Jul-18,5,08:04:57,08:10:24,02:41:13,0.112
33,2,11-Aug-18,22,20:31:19,20:54:40,02:41:17,0.112
22,3,23-Jul-18,12,09:44:08,09:51:43,02:41:38,0.1122
18,3,04-Aug-18,23,18:04:35,18:05:00,02:42:05,0.1126
75,1,09-Aug-18,29,20:24:58,20:29:15,02:42:18,0.1127
77,3,24-Jul-18,8,14:00:00,14:07:30,02:42:30,0.1128
3,4,23-Jul-18,8,11:55:47,12:03:15,02:42:22,0.1128
18,3,01-Aug-18,20,09:06:34,09:16:31,02:42:32,0.1129
29,1,06-Aug-18,23,10:31:06,10:35:07,02:42:37,0.1129
33,2,30-Jul-18,10,16:28:40,16:35:35,02:42:40,0.113
77,1,08-Aug-18,23,13:25:00,13:27:56,02:43:03,0.1132
78,2,01-Aug-18,15,07:18:16,07:27:28,02:43:12,0.1133
33,2,06-Aug-18,17,20:40:04,21:14:09,02:43:21,0.1134
75,1,03-Aug-18,23,06:42:03,06:49:15,02:43:42,0.1137
29,1,03-Aug-18,20,17:57:33,18:02:30,02:44:01,0.1139
47,3,27-Jul-18,6,16:20:54,16:32:16,02:44:13,0.114
77,1,09-Aug-18,24,18:56:49,18:56:59,02:44:19,0.1141
78,2,29-Jul-18,12,21:20:00,21:24:10,02:44:45,0.1144
77,1,13-Aug-18,28,14:45:00,15:55:00,02:45:00,0.1146
97,2,29-Jul-18,15,19:00:00,19:15:00,02:45:00,0.1146
29,1,01-Aug-18,18,07:40:02,07:45:00,02:45:02,0.1146
33,2,04-Aug-18,15,19:18:12,19:33:16,02:45:03,0.1146
29,1,04-Aug-18,21,21:05:47,21:08:35,02:45:31,0.1149
29,1,01-Aug-18,18,10:31:03,10:35:30,02:46:03,0.1153
18,3,31-Jul-18,19,15:30:13,15:37:30,02:46:23,0.1155
22,3,15-Jul-18,4,12:33:31,12:52:19,02:46:31,0.1156
22,3,15-Jul-18,4,09:39:06,09:47:00,02:46:36,0.1157
33,2,02-Aug-18,13,07:51:43,07:55:06,02:46:43,0.1158
33,2,30-Jul-18,10,19:45:00,19:53:36,02:47:12,0.1161
77,3,24-Jul-18,8,21:30:00,21:35:00,02:47:30,0.1163
80,3,24-Jul-18,11,17:45:00,17:51:16,02:47:30,0.1163
47,3,31-Jul-18,10,13:08:35,13:19:06,02:47:30,0.1163
57,2,25-Jul-18,9,19:20:00,19:27:30,02:47:37,0.1164
3,3,19-Jul-18,4,16:16:37,16:28:00,02:47:58,0.1166
75,2,18-Jul-18,7,07:55:49,08:02:05,02:48:09,0.1168
78,2,31-Jul-18,14,11:12:17,11:13:17,02:48:45,0.1172
29,1,25-Jul-18,12,07:01:58,07:08:36,02:48:45,0.1172
29,1,28-Jul-18,15,07:09:05,07:11:45,02:49:05,0.1174
45,3,22-Jul-18,5,12:18:25,12:26:55,02:49:00,0.1174
33,2,03-Aug-18,14,12:33:25,12:37:11,02:49:16,0.1175
77,3,30-Jul-18,14,18:22:19,18:25:35,02:49:49,0.1179
77,1,04-Aug-18,19,07:32:14,07:33:39,02:49:44,0.1179
53,3,27-Jul-18,11,10:37:00,10:46:57,02:49:43,0.1179
18,4,28-Jul-18,16,16:30:00,16:34:10,02:50:00,0.1181
45,3,21-Jul-18,4,11:30:38,11:39:59,02:50:00,0.1181
18,3,10-Aug-18,29,10:16:39,10:17:50,02:50:18,0.1183
3,4,22-Jul-18,7,11:34:25,11:39:10,02:50:34,0.1184
77,3,27-Jul-18,11,16:20:00,16:25:00,02:50:48,0.1186
3,4,22-Jul-18,7,20:34:19,20:42:00,02:50:46,0.1186
33,2,30-Jul-18,10,13:39:29,13:46:00,02:50:49,0.1186
80,3,23-Jul-18,10,19:45:00,20:05:00,02:50:55,0.1187
53,3,24-Jul-18,8,22:35:00,22:46:14,02:50:56,0.1187
78,2,27-Jul-18,10,19:23:17,19:23:17,02:51:48,0.1193
78,2,08-Aug-18,22,08:23:07,08:34:01,02:52:31,0.1198
77,3,22-Jul-18,6,18:35:00,18:42:30,02:52:30,0.1198
77,3,02-Aug-18,17,12:40:37,12:50:26,02:52:30,0.1198
33,2,28-Jul-18,8,17:40:00,17:48:42,02:52:30,0.1198
18,3,01-Aug-18,20,20:53:58,20:57:56,02:52:54,0.1201
18,3,03-Aug-18,22,13:03:02,13:12:52,02:53:02,0.1202
33,2,09-Aug-18,20,15:42:17,15:53:50,02:53:19,0.1204
3,4,21-Jul-18,6,23:10:00,23:17:15,02:53:54,0.1208
22,3,20-Jul-18,9,13:29:07,13:32:31,02:54:07,0.1209
53,3,28-Jul-18,12,20:11:25,20:23:55,02:54:32,0.1212
53,3,26-Jul-18,10,07:40:26,07:53:58,02:54:40,0.1213
22,3,20-Jul-18,9,21:47:58,21:57:03,02:54:43,0.1213
47,3,26-Jul-18,5,13:50:03,13:57:43,02:55:00,0.1215
3,4,23-Jul-18,8,09:05:00,09:13:25,02:55:05,0.1216
75,2,13-Jul-18,2,20:09:46,20:16:35,02:55:29,0.1219
45,3,12-Aug-18,27,08:14:27,08:19:27,02:55:36,0.1219
45,3,06-Aug-18,21,21:04:16,21:05:51,02:56:25,0.1225
77,3,19-Jul-18,3,17:15:00,17:22:30,02:57:30,0.1233
57,2,22-Jul-18,6,09:55:00,10:00:00,02:57:30,0.1233
29,1,28-Jul-18,15,14:08:17,14:14:17,02:57:32,0.1233
18,3,02-Aug-18,21,18:22:59,18:35:14,02:57:42,0.1234
29,2,15-Jul-18,2,06:20:31,06:24:43,02:58:01,0.1236
33,2,09-Aug-18,20,18:51:57,19:24:18,02:58:07,0.1237
78,2,26-Jul-18,9,15:49:03,15:55:04,02:58:24,0.1239
18,4,22-Jul-18,10,15:36:25,15:47:30,02:58:55,0.1242
18,3,31-Jul-18,19,09:53:02,09:55:56,02:58:53,0.1242
18,4,29-Jul-18,17,14:10:47,14:19:02,02:59:40,0.1248
78,2,30-Jul-18,13,17:42:21,17:45:37,02:59:53,0.1249
3,4,28-Jul-18,13,15:54:30,15:56:44,02:59:51,0.1249
77,2,18-Jul-18,2,14:25:00,14:32:30,03:00:00,0.125
53,3,22-Jul-18,6,17:12:27,17:21:27,03:00:26,0.1253
47,3,27-Jul-18,6,21:31:20,21:39:34,03:00:53,0.1256
75,2,17-Jul-18,6,06:19:01,06:20:00,03:01:00,0.1257
77,3,02-Aug-18,17,20:53:38,20:58:55,03:01:08,0.1258
97,2,06-Aug-18,23,20:15:00,20:30:00,03:01:41,0.1262
77,3,31-Jul-18,15,14:25:00,14:28:29,03:02:30,0.1267
78,2,21-Jul-18,4,08:10:20,08:18:38,03:03:20,0.1273
53,3,31-Jul-18,15,12:44:43,12:48:53,03:03:47,0.1276
75,2,18-Jul-18,7,15:30:00,15:36:26,03:04:12,0.1279
77,1,13-Aug-18,28,10:50:00,12:00:00,03:05:00,0.1285
78,2,25-Jul-18,8,19:23:24,19:35:51,03:05:08,0.1286
30,3,27-Jul-18,12,17:00:00,17:22:30,03:05:23,0.1287
18,4,20-Jul-18,8,20:48:48,20:52:30,03:05:44,0.129
30,3,21-Jul-18,6,14:43:17,14:53:54,03:06:56,0.1298
77,3,21-Jul-18,5,14:20:00,14:27:30,03:07:30,0.1302
53,3,20-Jul-18,4,06:44:36,06:50:54,03:08:42,0.131
18,4,17-Jul-18,5,15:08:50,15:13:46,03:08:44,0.1311
33,2,06-Aug-18,17,18:26:21,18:36:22,03:09:25,0.1315
29,3,16-Jul-18,3,17:18:40,17:24:25,03:09:56,0.1319
53,3,27-Jul-18,11,13:57:03,14:01:41,03:10:06,0.132
18,4,23-Jul-18,11,13:20:07,13:35:18,03:11:06,0.1327
75,2,14-Jul-18,3,17:42:27,17:45:59,03:11:50,0.1332
22,3,18-Jul-18,7,10:35:00,10:42:30,03:12:30,0.1337
45,3,09-Aug-18,24,13:21:36,13:23:01,03:12:29,0.1337
45,3,27-Jul-18,10,07:58:19,08:01:13,03:12:53,0.1339
18,4,26-Jul-18,14,14:37:46,14:40:00,03:13:47,0.1346
53,3,24-Jul-18,8,19:08:42,19:17:35,03:13:56,0.1347
47,3,25-Jul-18,4,19:54:23,20:02:26,03:14:06,0.1348
18,4,20-Jul-18,8,14:19:38,14:25:36,03:14:06,0.1348
75,2,24-Jul-18,13,16:13:45,16:18:10,03:14:13,0.1349
18,3,02-Aug-18,21,11:50:38,11:58:55,03:14:14,0.1349
3,4,27-Jul-18,12,18:17:14,18:20:16,03:14:25,0.135
80,3,17-Jul-18,4,17:38:23,17:45:56,03:14:57,0.1354
29,1,25-Jul-18,12,19:49:23,19:57:23,03:15:21,0.1357
147,2,18-Jul-18,4,13:25:10,13:27:43,03:15:38,0.1359
3,4,25-Jul-18,10,14:25:54,14:35:07,03:16:27,0.1364
75,2,16-Jul-18,5,05:45:30,05:56:19,03:16:56,0.1368
75,2,15-Jul-18,4,20:56:19,21:01:43,03:17:35,0.1372
53,3,23-Jul-18,7,16:53:40,16:56:28,03:17:34,0.1372
57,2,26-Jul-18,10,13:40:00,13:47:30,03:17:30,0.1372
30,3,23-Jul-18,8,18:45:00,18:52:30,03:17:30,0.1372
45,3,10-Aug-18,25,12:00:00,12:05:00,03:17:30,0.1372
3,4,23-Jul-18,8,15:21:19,15:29:17,03:18:04,0.1375
22,3,16-Jul-18,5,12:41:15,12:46:17,03:17:57,0.1375
80,3,31-Jul-18,18,20:04:55,20:08:20,03:18:22,0.1378
77,3,31-Jul-18,15,19:31:05,19:40:00,03:18:35,0.1379
53,3,25-Jul-18,9,19:06:45,19:13:42,03:18:31,0.1379
33,2,31-Jul-18,11,17:15:53,17:21:06,03:18:31,0.1379
77,3,26-Jul-18,10,16:35:00,16:42:29,03:20:00,0.1389
29,1,03-Aug-18,20,08:30:09,08:32:34,03:20:09,0.139
18,4,27-Jul-18,15,19:17:49,19:24:51,03:20:33,0.1393
53,3,29-Jul-18,13,07:38:18,07:48:40,03:21:52,0.1402
18,4,25-Jul-18,13,18:58:57,19:12:47,03:22:37,0.1407
47,3,30-Jul-18,9,21:47:27,21:54:55,03:24:59,0.1423
33,2,09-Aug-18,20,12:34:29,12:48:58,03:25:22,0.1426
80,3,30-Jul-18,17,19:40:00,19:45:00,03:26:02,0.1431
75,2,24-Jul-18,13,22:17:37,22:18:53,03:26:11,0.1432
53,3,20-Jul-18,4,16:43:02,16:54:31,03:26:24,0.1433
3,4,24-Jul-18,9,12:11:57,12:23:06,03:26:37,0.1435
77,3,29-Jul-18,13,11:55:00,12:00:00,03:27:30,0.1441
18,4,21-Jul-18,9,14:51:43,15:04:27,03:27:56,0.1444
18,3,08-Aug-18,27,21:34:29,21:45:22,03:28:32,0.1448
77,3,01-Aug-18,16,14:13:48,14:27:30,03:28:48,0.145
18,3,03-Aug-18,22,18:32:51,18:35:00,03:28:51,0.145
75,2,26-Jul-18,15,21:25:30,21:32:50,03:29:10,0.1453
75,1,27-Jul-18,16,10:09:22,10:11:40,03:29:22,0.1454
45,3,07-Aug-18,22,19:29:53,19:31:17,03:29:20,0.1454
77,1,14-Aug-18,29,18:50:34,18:55:00,03:30:03,0.1459
75,1,15-Aug-18,35,10:22:34,10:46:12,03:30:04,0.1459
29,2,15-Jul-18,2,09:55:26,10:07:30,03:30:43,0.1463
75,2,14-Jul-18,3,10:05:00,10:08:48,03:30:49,0.1464
78,2,26-Jul-18,9,19:26:02,19:39:13,03:30:58,0.1465
3,4,21-Jul-18,6,16:13:58,16:20:59,03:32:01,0.1472
77,3,23-Jul-18,7,16:34:34,16:37:30,03:32:04,0.1473
45,3,26-Jul-18,9,20:32:50,20:37:10,03:32:08,0.1473
75,1,06-Aug-18,26,21:23:06,21:28:09,03:33:22,0.1482
30,3,23-Jul-18,8,07:45:00,08:01:02,03:34:06,0.1487
75,2,13-Jul-18,2,09:15:00,09:20:00,03:34:28,0.1489
18,4,19-Jul-18,7,21:25:00,21:30:39,03:34:27,0.1489
80,3,24-Jul-18,11,11:17:04,11:24:50,03:34:34,0.149
33,2,01-Aug-18,12,08:45:48,08:52:22,03:34:36,0.149
18,4,23-Jul-18,11,08:12:44,08:17:34,03:35:14,0.1495
3,4,25-Jul-18,10,09:02:22,09:07:21,03:35:25,0.1496
18,3,02-Aug-18,21,08:25:24,08:36:24,03:35:24,0.1496
29,1,06-Aug-18,23,14:11:10,14:14:15,03:36:03,0.15
45,3,24-Jul-18,7,11:14:56,11:19:50,03:36:01,0.15
22,3,20-Jul-18,9,10:23:49,10:35:00,03:36:19,0.1502
18,3,01-Aug-18,20,17:42:31,18:01:04,03:36:30,0.1503
33,2,04-Aug-18,15,16:22:51,16:33:09,03:36:59,0.1507
78,2,09-Aug-18,23,10:33:40,10:58:09,03:37:21,0.1509
47,3,25-Jul-18,4,16:33:25,16:40:17,03:37:16,0.1509
3,4,28-Jul-18,13,22:26:59,22:37:21,03:37:32,0.1511
33,2,10-Aug-18,21,18:26:54,18:58:17,03:37:41,0.1512
18,3,09-Aug-18,28,09:52:05,10:07:30,03:38:18,0.1516
29,1,26-Jul-18,13,17:06:58,17:14:04,03:38:21,0.1516
3,4,26-Jul-18,11,10:54:30,11:02:05,03:38:27,0.1517
18,4,18-Jul-18,6,08:51:51,08:57:30,03:39:21,0.1523
3,4,23-Jul-18,8,21:29:02,21:36:21,03:39:29,0.1524
33,2,12-Aug-18,23,19:16:47,19:21:04,03:39:34,0.1525
53,3,23-Jul-18,7,13:25:14,13:36:06,03:40:14,0.1529
22,3,24-Jul-18,13,12:39:05,12:46:06,03:41:02,0.1535
53,3,29-Jul-18,13,11:29:56,11:41:15,03:41:16,0.1537
33,2,27-Jul-18,7,18:55:24,19:05:45,03:41:19,0.1537
75,2,16-Jul-18,5,16:43:29,16:48:43,03:42:01,0.1542
78,2,25-Jul-18,8,13:24:25,13:30:59,03:42:29,0.1545
77,3,20-Jul-18,4,15:55:00,16:02:30,03:42:30,0.1545
77,3,22-Jul-18,6,23:10:00,23:15:00,03:42:30,0.1545
29,1,28-Jul-18,15,20:10:55,20:14:29,03:43:41,0.1553
45,3,14-Aug-18,29,09:57:34,09:58:13,03:43:43,0.1554
18,3,05-Aug-18,24,18:01:31,18:17:13,03:43:53,0.1555
45,3,13-Aug-18,28,12:23:15,12:24:30,03:45:13,0.1564
53,3,21-Jul-18,5,07:49:19,07:57:13,03:45:25,0.1565
47,3,27-Jul-18,6,13:26:54,13:36:41,03:45:18,0.1565
77,1,12-Aug-18,27,12:20:32,12:30:00,03:45:32,0.1566
78,2,31-Jul-18,14,15:12:47,15:22:55,03:46:34,0.1573
18,4,17-Jul-18,5,07:26:03,07:31:59,03:46:43,0.1574
57,2,21-Jul-18,5,16:57:14,17:02:29,03:47:45,0.1582
78,2,02-Aug-18,16,17:56:08,18:02:10,03:48:58,0.159
57,2,21-Jul-18,5,13:01:30,13:09:29,03:49:00,0.159
45,3,23-Jul-18,6,16:55:43,17:04:36,03:49:50,0.1596
75,1,07-Aug-18,27,20:30:39,20:51:46,03:50:09,0.1598
75,2,14-Jul-18,3,22:20:55,22:30:00,03:51:05,0.1605
78,2,07-Aug-18,21,17:06:35,17:11:54,03:51:54,0.161
22,3,14-Jul-18,3,14:30:00,14:37:59,03:51:47,0.161
75,2,18-Jul-18,7,11:54:16,11:57:20,03:52:11,0.1612
75,1,28-Jul-18,17,14:17:29,14:23:54,03:52:10,0.1612
45,3,12-Aug-18,27,22:15:50,22:20:04,03:52:29,0.1614
57,2,21-Jul-18,5,09:05:00,09:12:30,03:52:30,0.1615
57,2,26-Jul-18,10,17:40:00,17:52:15,03:52:30,0.1615
29,1,25-Jul-18,12,16:28:24,16:34:02,03:53:41,0.1623
80,3,23-Jul-18,10,15:12:47,15:17:30,03:54:19,0.1627
53,3,21-Jul-18,5,16:30:11,16:38:09,03:54:37,0.1629
77,3,24-Jul-18,8,11:05:00,11:17:30,03:55:00,0.1632
75,2,25-Jul-18,14,12:12:49,12:25:48,03:55:03,0.1632
22,3,22-Jul-18,11,11:12:36,11:27:30,03:55:06,0.1633
33,2,13-Aug-18,24,15:16:26,15:32:50,03:55:23,0.1635
77,3,21-Jul-18,5,20:30:00,20:35:00,03:57:30,0.1649
57,2,23-Jul-18,7,10:15:00,10:22:30,03:57:30,0.1649
33,2,11-Aug-18,22,08:50:04,08:52:39,03:58:03,0.1653
57,1,17-Jul-18,1,22:03:56,22:07:30,03:58:56,0.1659
45,3,23-Jul-18,6,10:03:31,10:07:48,03:59:04,0.166
47,3,28-Jul-18,7,11:03:09,11:14:28,04:00:16,0.1669
57,2,23-Jul-18,7,16:09:46,16:11:46,04:00:41,0.1671
53,3,22-Jul-18,6,11:59:09,12:05:00,04:01:39,0.1678
75,1,28-Jul-18,17,18:25:54,18:33:10,04:01:59,0.168
3,4,29-Jul-18,14,15:46:57,16:01:24,04:02:27,0.1684
22,3,16-Jul-18,5,18:30:00,18:45:00,04:03:00,0.1688
29,1,26-Jul-18,13,21:17:08,21:20:00,04:03:04,0.1688
18,3,15-Jul-18,3,14:18:12,14:23:24,04:03:12,0.1689
3,4,20-Jul-18,5,12:14:40,12:17:37,04:04:16,0.1696
22,3,21-Jul-18,10,20:10:00,20:22:30,04:05:00,0.1701
18,3,16-Jul-18,4,17:30:22,17:35:00,04:06:13,0.171
22,3,20-Jul-18,9,18:42:19,18:53:15,04:07:19,0.1717
18,3,09-Aug-18,28,14:15:18,14:28:49,04:07:48,0.1721
77,1,13-Aug-18,28,20:03:07,20:15:00,04:08:07,0.1723
78,2,02-Aug-18,16,11:38:54,11:40:01,04:08:59,0.1729
78,2,07-Aug-18,21,11:44:44,11:45:56,04:09:44,0.1734
75,2,23-Jul-18,12,21:14:14,21:20:46,04:09:59,0.1736
80,3,02-Aug-18,20,10:20:00,10:30:50,04:11:19,0.1745
77,3,22-Jul-18,6,15:35:00,15:42:30,04:11:56,0.175
77,1,06-Aug-18,21,10:25:07,10:27:39,04:12:28,0.1753
80,3,22-Jul-18,9,19:50:00,19:57:30,04:12:30,0.1753
22,3,24-Jul-18,13,20:01:20,20:12:07,04:12:35,0.1754
97,3,23-Jul-18,9,10:00:00,10:15:00,04:15:00,0.1771
97,3,24-Jul-18,10,13:15:00,13:30:00,04:15:00,0.1771
57,2,18-Jul-18,2,20:25:04,20:28:32,04:15:04,0.1771
75,1,30-Jul-18,19,13:24:37,13:26:02,04:15:36,0.1775
78,2,23-Jul-18,6,17:44:05,17:50:51,04:16:02,0.1778
78,2,21-Jul-18,4,12:35:00,12:40:00,04:16:22,0.178
75,2,26-Jul-18,15,17:40:41,17:56:20,04:16:23,0.178
18,4,20-Jul-18,8,10:57:33,11:05:32,04:16:30,0.1781
33,2,12-Aug-18,23,15:35:48,15:37:13,04:16:48,0.1783
78,2,29-Jul-18,12,18:25:40,18:35:15,04:17:20,0.1787
18,4,18-Jul-18,6,15:36:42,15:44:38,04:18:42,0.1797
75,2,14-Jul-18,3,14:27:48,14:30:37,04:19:00,0.1799
75,1,29-Jul-18,18,15:56:42,16:12:23,04:19:02,0.1799
97,2,04-Aug-18,21,20:00:00,20:15:00,04:20:08,0.1806
78,2,24-Jul-18,7,16:24:31,16:36:01,04:20:33,0.1809
75,1,05-Aug-18,25,21:00:18,21:01:20,04:21:05,0.1813
75,2,16-Jul-18,5,12:53:21,13:01:28,04:21:22,0.1815
47,3,28-Jul-18,7,18:41:38,18:50:59,04:21:38,0.1817
3,4,25-Jul-18,10,21:30:40,21:41:16,04:21:42,0.1817
57,2,21-Jul-18,5,22:15:00,22:22:30,04:21:55,0.1819
18,3,04-Aug-18,23,15:18:29,15:22:30,04:22:04,0.182
45,2,19-Jul-18,2,23:31:20,23:34:52,04:22:23,0.1822
22,3,22-Jul-18,11,15:50:00,15:53:45,04:22:30,0.1823
45,3,21-Jul-18,4,16:02:26,16:08:42,04:22:27,0.1823
77,3,02-Aug-18,17,17:13:05,17:25:00,04:22:39,0.1824
18,3,07-Aug-18,26,17:52:50,17:52:55,04:22:50,0.1825
80,3,30-Jul-18,17,15:00:00,15:01:31,04:23:04,0.1827
45,3,13-Aug-18,28,18:55:52,18:57:25,04:23:55,0.1833
147,1,20-Jul-18,6,18:16:15,18:23:17,04:24:20,0.1836
78,2,30-Jul-18,13,12:12:52,12:24:17,04:25:29,0.1844
53,3,21-Jul-18,5,12:22:55,12:35:34,04:25:42,0.1845
22,3,19-Jul-18,8,16:38:14,16:47:04,04:25:44,0.1845
77,3,24-Jul-18,8,18:35:00,18:42:30,04:27:30,0.1858
77,3,26-Jul-18,10,21:10:00,21:15:00,04:27:32,0.1858
22,3,19-Jul-18,8,09:55:00,10:02:05,04:27:30,0.1858
75,1,01-Aug-18,21,09:55:00,10:10:27,04:27:39,0.1859
78,2,21-Jul-18,4,17:08:42,17:20:00,04:28:42,0.1866
47,3,26-Jul-18,5,20:36:52,20:44:38,04:30:56,0.1881
77,1,04-Aug-18,19,16:59:19,17:02:30,04:31:41,0.1887
29,1,24-Jul-18,11,18:01:14,18:09:04,04:32:32,0.1893
18,3,01-Aug-18,20,13:49:37,14:06:01,04:33:06,0.1897
18,4,24-Jul-18,12,12:28:10,12:44:07,04:33:51,0.1902
77,3,21-Jul-18,5,11:05:00,11:12:30,04:35:00,0.191
29,1,02-Aug-18,19,14:57:45,14:59:34,04:36:25,0.192
3,4,21-Jul-18,6,11:40:00,11:46:07,04:39:48,0.1943
47,3,29-Jul-18,8,17:49:53,18:00:01,04:40:14,0.1946
45,3,08-Aug-18,23,11:31:10,11:31:53,04:40:25,0.1947
29,1,30-Jul-18,17,14:40:55,14:41:05,04:40:48,0.195
53,3,29-Jul-18,13,16:22:12,16:28:29,04:40:57,0.1951
75,2,26-Jul-18,15,12:37:59,12:48:07,04:42:13,0.196
57,2,24-Jul-18,8,20:22:28,20:32:30,04:42:40,0.1963
18,2,14-Jul-18,2,13:50:33,13:54:12,04:43:31,0.1969
29,1,04-Aug-18,21,09:27:22,09:30:00,04:43:29,0.1969
33,2,06-Aug-18,17,12:54:27,13:07:52,04:43:50,0.1971
75,2,18-Jul-18,7,20:20:24,20:29:16,04:43:58,0.1972
29,1,27-Jul-18,14,16:38:32,16:40:45,04:44:07,0.1973
29,1,30-Jul-18,17,23:14:57,23:21:52,04:44:11,0.1973
77,3,20-Jul-18,4,20:50:00,20:55:00,04:47:30,0.1997
33,2,06-Aug-18,17,17:46:00,17:56:43,04:47:46,0.1998
53,3,19-Jul-18,3,12:04:36,12:17:30,04:48:15,0.2002
29,1,25-Jul-18,12,11:58:43,12:03:45,04:50:07,0.2015
3,3,08-Aug-18,24,20:07:17,20:22:10,04:50:57,0.202
77,1,04-Aug-18,19,12:25:07,12:27:39,04:51:28,0.2024
77,3,25-Jul-18,9,12:05:00,12:22:30,04:52:30,0.2031
80,3,28-Jul-18,15,12:10:00,12:27:30,04:52:30,0.2031
29,1,02-Aug-18,19,20:02:32,20:17:30,04:52:48,0.2033
53,3,28-Jul-18,12,15:13:32,15:22:30,04:54:52,0.2048
75,2,17-Jul-18,6,22:30:00,22:42:30,04:55:28,0.2052
77,1,06-Aug-18,21,16:17:34,16:21:26,04:56:17,0.2058
33,2,21-Jul-18,2,07:33:59,07:47:32,04:57:09,0.2064
80,3,29-Jul-18,16,16:25:00,16:32:30,04:57:30,0.2066
3,4,22-Jul-18,7,17:35:00,17:43:33,04:57:30,0.2066
53,3,26-Jul-18,10,17:35:00,17:45:00,04:57:49,0.2068
18,4,21-Jul-18,9,11:15:00,11:23:47,04:58:01,0.207
22,2,13-Jul-18,2,09:51:49,09:55:57,04:59:03,0.2077
77,3,20-Jul-18,4,12:00:00,12:12:30,05:00:00,0.2083
97,2,27-Jul-18,13,17:15:00,17:30:00,05:00:00,0.2083
45,3,07-Aug-18,22,09:54:48,09:57:06,05:00:27,0.2086
77,3,23-Jul-18,7,12:55:00,13:02:30,05:02:30,0.2101
45,3,22-Jul-18,5,18:34:54,18:40:38,05:02:33,0.2101
45,3,27-Jul-18,10,13:19:48,13:25:35,05:05:04,0.2119
22,3,16-Jul-18,5,09:15:00,09:23:18,05:05:52,0.2124
29,1,05-Aug-18,22,16:50:55,16:56:35,05:07:18,0.2134
75,1,30-Jul-18,19,18:33:34,18:37:30,05:07:32,0.2136
3,3,19-Jul-18,4,12:11:25,12:18:07,05:08:17,0.2141
75,2,25-Jul-18,14,17:34:20,17:41:06,05:08:32,0.2143
75,1,03-Aug-18,23,11:58:51,12:02:48,05:09:36,0.215
29,1,04-Aug-18,21,17:46:41,17:51:47,05:09:56,0.2152
77,3,29-Jul-18,13,17:10:00,17:15:00,05:10:00,0.2153
47,3,29-Jul-18,8,11:47:33,11:55:10,05:10:04,0.2153
53,2,18-Jul-18,2,16:48:26,17:00:00,05:10:56,0.2159
97,2,04-Aug-18,21,15:12:42,15:39:53,05:11:38,0.2164
45,3,20-Jul-18,3,13:31:20,13:41:25,05:11:40,0.2164
77,3,19-Jul-18,3,22:35:00,22:40:00,05:12:30,0.217
78,2,19-Jul-18,2,14:26:05,14:31:45,05:13:35,0.2178
75,2,15-Jul-18,4,17:34:10,17:38:44,05:14:46,0.2186
97,3,24-Jul-18,10,18:45:00,19:00:00,05:15:00,0.2188
30,3,22-Jul-18,7,14:42:47,14:47:30,05:16:02,0.2195
33,2,01-Aug-18,12,14:08:36,14:14:09,05:16:14,0.2196
75,2,17-Jul-18,6,14:26:44,14:31:22,05:19:18,0.2217
3,4,29-Jul-18,14,10:06:42,10:15:19,05:19:11,0.2217
29,1,05-Aug-18,22,22:16:06,22:21:41,05:19:31,0.2219
30,3,20-Jul-18,5,09:11:58,09:22:11,05:19:28,0.2219
30,3,23-Jul-18,8,15:15:00,15:27:30,05:19:29,0.2219
53,3,19-Jul-18,4,17:39:58,17:51:09,05:22:28,0.2239
77,3,23-Jul-18,7,22:00:00,21:37:30,05:22:30,0.224
78,2,01-Aug-18,15,19:30:00,19:39:29,05:22:56,0.2243
3,4,26-Jul-18,11,16:31:34,16:37:18,05:29:29,0.2288
97,2,27-Jul-18,13,23:00:00,23:15:00,05:30:00,0.2292
18,4,25-Jul-18,13,15:27:47,15:36:20,05:30:15,0.2293
45,3,21-Jul-18,4,21:39:50,21:47:51,05:31:08,0.23
33,2,11-Aug-18,22,15:00:47,15:03:32,05:32:15,0.2307
57,2,24-Jul-18,8,13:50:00,14:02:12,05:33:15,0.2314
33,2,31-Jul-18,11,13:44:05,13:51:43,05:33:10,0.2314
53,3,28-Jul-18,12,10:13:54,10:18:40,05:33:23,0.2315
78,2,06-Aug-18,20,13:32:29,13:34:18,05:34:32,0.2323
33,2,08-Aug-18,19,21:49:44,22:09:02,05:35:26,0.2329
77,1,07-Aug-18,22,17:20:00,17:25:00,05:38:08,0.2348
53,3,30-Jul-18,14,17:11:52,17:15:32,05:40:04,0.2362
30,3,20-Jul-18,5,16:23:35,16:33:28,05:41:43,0.2373
18,3,10-Aug-18,29,16:00:22,16:13:43,05:42:32,0.2379
53,3,23-Jul-18,7,09:35:59,09:45:00,05:42:53,0.2381
75,2,15-Jul-18,4,09:28:50,09:33:41,05:44:24,0.2392
47,3,27-Jul-18,6,09:31:58,09:41:36,05:46:28,0.2406
45,3,20-Jul-18,3,19:21:59,19:26:32,05:46:35,0.2407
80,3,31-Jul-18,18,14:52:35,14:56:41,05:52:35,0.2448
75,1,17-Aug-18,37,17:29:58,17:32:10,05:57:28,0.2482
77,1,05-Aug-18,20,13:39:59,13:47:30,05:59:59,0.25
97,2,27-Jul-18,13,12:00:00,12:15:00,06:00:00,0.25
97,2,01-Aug-18,18,20:15:00,19:26:01,06:00:00,0.25
33,2,28-Jul-18,8,12:45:00,12:52:30,06:01:34,0.2511
77,3,27-Jul-18,11,13:25:50,13:29:12,06:03:20,0.2523
18,3,16-Jul-18,4,11:49,11:56:58,06:04:02,0.2528
53,3,25-Jul-18,9,14:09:13,14:17:39,06:04:32,0.2531
75,2,13-Jul-18,2,15:24:41,15:25:00,06:04:41,0.2533
33,2,27-Jul-18,7,12:03:00,12:14:09,06:06:19,0.2544
18,3,15-Jul-18,3,20:30:00,20:37:37,06:06:36,0.2546
30,3,21-Jul-18,6,11:27:42,11:36:21,06:08:12,0.2557
77,1,14-Aug-18,29,14:50:00,15:20:31,06:09:27,0.2566
57,2,22-Jul-18,6,16:10:00,06:17:30,06:10:00,0.2569
78,2,05-Aug-18,19,15:38:53,15:40:53,06:12:19,0.2586
33,2,03-Aug-18,14,18:15:59,18:25:47,06:12:27,0.2586
3,4,27-Jul-18,12,14:57:22,15:02:49,06:12:29,0.2587
22,3,23-Jul-18,12,18:30:00,18:42:30,06:12:30,0.2587
18,3,16-Jul-18,4,23:50:54,11:58:22,06:15:54,0.261
53,3,20-Jul-18,4,13:09:31,13:16:38,06:18:37,0.2629
3,3,06-Aug-18,22,19:33:30,19:45:35,06:19:44,0.2637
18,4,30-Jul-18,18,16:22:08,16:35:28,06:21:55,0.2652
30,3,01-Aug-18,17,16:23:31,16:27:24,06:22:20,0.2655
22,3,15-Jul-18,4,19:15:00,19:23:22,06:22:42,0.2658
80,3,21-Jul-18,8,11:30:00,11:37:23,06:25:00,0.2674
45,3,24-Jul-18,7,17:45:16,17:49:41,06:25:26,0.2677
29,1,06-Aug-18,23,20:46:24,20:51:44,06:32:09,0.2723
18,3,07-Aug-18,26,12:49:03,13:15:38,06:34:02,0.2736
97,2,06-Aug-18,23,16:57:57,16:59:04,06:34:54,0.2742
77,3,28-Jul-18,12,16:55:00,17:02:30,06:35:00,0.2743
77,1,09-Aug-18,24,15:40:31,15:40:41,06:35:31,0.2747
77,1,07-Aug-18,22,11:20:00,11:41:52,06:37:30,0.276
97,2,05-Aug-18,22,19:15:00,19:34:59,06:37:30,0.276
29,1,03-Aug-18,20,15:11:54,15:13:32,06:39:20,0.2773
97,1,17-Jul-18,3,14:28:49,14:34:24,06:42:17,0.2794
75,1,27-Jul-18,16,17:02:34,17:18:08,06:50:54,0.2853
147,1,20-Jul-18,6,13:47:48,13:51:55,06:56:02,0.2889
78,2,28-Jul-18,11,14:45:00,07:25:00,06:57:27,0.2899
80,3,28-Jul-18,15,20:40:00,21:15:00,06:57:30,0.2899
30,3,29-Jul-18,14,16:20:00,16:25:00,06:57:30,0.2899
29,1,29-Jul-18,16,19:01:34,19:07:21,07:00:28,0.292
3,3,08-Aug-18,24,15:12:48,15:16:20,07:00:43,0.2922
97,2,02-Aug-18,19,15:30:00,15:31:46,07:02:20,0.2933
33,2,08-Aug-18,19,15:28:12,15:29:40,07:03:16,0.2939
33,2,20-Jul-18,1,15:57:39,16:00:47,07:10:01,0.2986
29,2,15-Jul-18,2,22:23:30,22:31:23,07:15:00,0.3021
75,2,24-Jul-18,13,12:46:46,12:59:32,07:18:43,0.3047
18,4,27-Jul-18,15,15:37:08,15:57:16,07:20:29,0.3059
18,4,19-Jul-18,7,15:27,15:37:13,07:23:35,0.308
97,2,28-Jul-18,14,15:45:00,16:00:00,07:30:00,0.3125
47,3,30-Jul-18,9,15:20:00,15:27:18,07:32:07,0.314
80,3,21-Jul-18,8,19:10:00,19:25:30,07:32:37,0.3143
147,2,17-Jul-18,3,18:33:21,18:36:46,07:39:02,0.3188
77,2,03-Aug-18,18,20:50:00,21:06:46,07:41:42,0.3206
22,2,13-Jul-18,2,17:40:39,17:45:00,07:44:42,0.3227
75,1,31-Jul-18,20,16:34:06,16:39:20,07:49:06,0.3258
75,2,23-Jul-18,12,13:24:41,13:38:25,07:52:16,0.328
75,1,03-Aug-18,23,21:53:01,21:55:17,07:52:35,0.3282
3,1,11-Aug-18,27,17:10:55,17:44:08,07:53:25,0.3288
78,2,27-Jul-18,10,13:14:35,13:23:33,07:57:05,0.3313
45,3,12-Aug-18,27,18:21:57,18:23:21,07:59:32,0.333
97,3,25-Jul-18,11,17:45:00,18:00:00,08:00:00,0.3333
80,3,02-Aug-18,20,22:38:39,22:39:31,08:00:31,0.3337
97,3,21-Jul-18,7,15:18:54,15:31:31,08:03:54,0.336
57,1,17-Jul-18,1,18:00:00,18:05:00,08:11:40,0.3414
97,2,26-Jul-18,12,19:30:00,19:45:00,08:15:00,0.3438
80,3,26-Jul-18,13,14:45:00,14:48:40,08:17:30,0.3455
97,2,30-Jul-18,16,16:15:00,16:24:24,08:22:54,0.3492
33,2,10-Aug-18,21,14:19:55,14:23:15,08:28:47,0.3533
22,3,14-Jul-18,3,10:35:16,10:38:13,08:32:11,0.3557
97,1,17-Jul-18,3,23:09:47,23:11:11,08:35:23,0.3579
80,3,20-Jul-18,7,14:10:00,14:21:39,08:37:30,0.3594
77,2,19-Jul-18,3,14:30:00,14:17:30,08:42:30,0.3628
97,3,22-Jul-18,8,14:30:00,13:45:00,08:45:00,0.3646
80,3,01-Aug-18,19,22:11:23,22:14:23,09:00:20,0.3752
78,2,28-Jul-18,11,16:38:09,16:46:19,09:13:09,0.3841
33,2,21-Jul-18,2,17:10:00,17:17:30,09:22:28,0.3906
97,3,23-Jul-18,9,19:45:00,20:00:00,09:30:00,0.3958
57,2,25-Jul-18,9,16:25:00,16:32:23,10:02:30,0.4184
57,2,19-Jul-18,3,18:35:00,18:41:06,10:05:00,0.4201
80,3,22-Jul-18,9,15:30:00,15:37:30,10:12:30,0.4253
57,2,20-Jul-18,4,17:30:00,17:37:18,10:12:30,0.4253
147,1,19-Jul-18,5,17:40:55,17:45:29,10:16:34,0.4282
30,3,26-Jul-18,11,18:10:00,18:17:30,10:17:30,0.4288
78,2,08-Aug-18,22,17:16:54,17:17:04,10:33:31,0.4399
75,1,10-Aug-18,30,19:00:07,19:22:21,10:41:54,0.4458
29,2,17-Jul-18,4,22:06:46,22:12:30,10:55:01,0.4549
75,1,06-Aug-18,26,17:45:05,17:49:44,11:00:05,0.4584
75,1,04-Aug-18,24,18:39:11,18:40:29,11:12:51,0.4673
30,3,24-Jul-18,9,16:10:00,16:22:30,11:22:30,0.474
77,1,11-Aug-18,26,20:45:00,20:50:00,11:27:30,0.4774
22,3,17-Jul-18,6,17:20:00,17:29:47,12:20:00,0.5139
97,2,03-Aug-18,20,20:22:30,20:23:14,12:30:00,0.5208
78,2,20-Jul-18,3,17:53:15,18:05:53,13:05:45,0.5457
97,2,18-Jul-18,4,21:19:41,21:24:56,13:41:07,0.5702
78,1,17-Jul-18,1,18:20:32,18:29:40,NA,NA
78,2,19-Jul-18,2,09:10:00,09:12:30,NA,NA
78,2,20-Jul-18,3,04:40:00,04:47:30,NA,NA
78,2,21-Jul-18,4,05:00:00,05:07:00,NA,NA
78,2,22-Jul-18,5,16:27:39,16:35:00,NA,NA
78,2,23-Jul-18,6,06:15:00,06:27:30,NA,NA
78,2,24-Jul-18,7,07:55:00,08:03:12,NA,NA
78,2,25-Jul-18,8,04:50:00,04:56:11,NA,NA
78,2,26-Jul-18,9,09:57:14,10:10:25,NA,NA
78,2,27-Jul-18,10,05:07:17,05:17:30,NA,NA
78,2,28-Jul-18,11,07:36:59,07:47:33,NA,NA
78,2,29-Jul-18,12,14:00:00,14:08:20,NA,NA
78,2,30-Jul-18,13,04:54:06,04:55:00,NA,NA
78,2,31-Jul-18,14,05:35:00,05:41:09,NA,NA
78,2,01-Aug-18,15,04:26:16,04:35:04,NA,NA
78,2,02-Aug-18,16,04:56:26,04:58:49,NA,NA
78,2,03-Aug-18,17,06:26:02,06:43:07,NA,NA
78,2,06-Aug-18,20,07:49:42,07:57:57,NA,NA
78,2,07-Aug-18,21,05:22:36,06:05:00,NA,NA
78,2,08-Aug-18,22,05:26:24,05:30:36,NA,NA
78,2,09-Aug-18,23,04:43:12,04:45:13,NA,NA
77,2,17-Jul-18,1,19:14:04,19:16:13,NA,NA
77,2,18-Jul-18,2,11:21:48,11:25:00,NA,NA
77,2,19-Jul-18,3,05:45:00,05:47:30,NA,NA
77,3,20-Jul-18,4,04:40:38,04:52:30,NA,NA
77,3,21-Jul-18,5,03:52:57,04:02:30,NA,NA
77,3,22-Jul-18,6,05:00:00,05:07:30,NA,NA
77,3,23-Jul-18,7,05:10:26,05:17:02,NA,NA
77,3,24-Jul-18,8,03:35:00,03:41:41,NA,NA
77,3,25-Jul-18,9,07:02:40,07:12:30,NA,NA
77,3,26-Jul-18,10,09:33:43,09:37:30,NA,NA
77,3,27-Jul-18,11,07:10:00,07:22:30,NA,NA
77,3,28-Jul-18,12,08:40:00,08:45:00,NA,NA
77,3,29-Jul-18,13,05:20:00,05:25:00,NA,NA
77,3,30-Jul-18,14,04:14:44,04:17:30,NA,NA
77,3,31-Jul-18,15,04:05:00,04:10:00,NA,NA
77,3,01-Aug-18,16,05:53:30,05:57:44,NA,NA
77,3,02-Aug-18,17,06:05:00,06:16:49,NA,NA
77,3,03-Aug-18,18,05:30:27,05:40:00,NA,NA
77,2,04-Aug-18,19,04:29:55,04:42:30,NA,NA
77,1,05-Aug-18,20,07:35:00,07:40:00,NA,NA
77,1,06-Aug-18,21,05:45:01,05:47:56,NA,NA
77,1,07-Aug-18,22,04:39:15,04:42:30,NA,NA
77,1,08-Aug-18,23,10:36:59,10:41:57,NA,NA
77,1,09-Aug-18,24,09:00:00,09:05:00,NA,NA
77,1,10-Aug-18,25,09:10:00,09:17:30,NA,NA
77,1,12-Aug-18,27,08:30:00,08:35:00,NA,NA
77,1,13-Aug-18,28,06:45:00,07:45:00,NA,NA
77,1,14-Aug-18,29,07:00:44,07:03:51,NA,NA
77,1,15-Aug-18,30,09:25,09:30:00,NA,NA
80,3,17-Jul-18,4,14:09:34,14:23:26,NA,NA
80,3,18-Jul-18,5,13:45:00,13:50:00,NA,NA
80,3,19-Jul-18,6,05:20:00,05:25:00,NA,NA
80,3,21-Jul-18,8,04:50:00,05:05:00,NA,NA
80,3,22-Jul-18,9,05:10:00,05:17:30,NA,NA
80,3,23-Jul-18,10,11:07:29,11:18:28,NA,NA
80,3,24-Jul-18,11,07:10:00,07:17:30,NA,NA
80,3,25-Jul-18,12,13:09:55,13:14:42,NA,NA
80,3,26-Jul-18,13,06:20:00,06:27:30,NA,NA
80,3,27-Jul-18,14,05:55:00,06:00:00,NA,NA
80,3,28-Jul-18,15,06:56:48,07:17:30,NA,NA
80,3,29-Jul-18,16,09:46:48,09:51:15,NA,NA
80,3,30-Jul-18,17,06:40:00,06:43:43,NA,NA
80,3,31-Jul-18,18,07:00:00,07:05:00,NA,NA
80,3,01-Aug-18,19,05:53:23,05:54:38,NA,NA
80,3,02-Aug-18,20,05:53:59,05:55:00,NA,NA
80,3,03-Aug-18,21,07:29:32,07:37:30,NA,NA
75,1,12-Jul-18,1,23:35:11,23:38:49,NA,NA
75,2,13-Jul-18,2,05:37:34,05:40:32,NA,NA
75,2,14-Jul-18,3,06:29:51,06:34:11,NA,NA
75,2,15-Jul-18,4,03:41:20,03:44:26,NA,NA
75,2,16-Jul-18,5,02:25:28,02:28:34,NA,NA
75,2,17-Jul-18,6,03:13:50,03:18:01,NA,NA
75,2,18-Jul-18,7,05:01:28,05:07:40,NA,NA
75,2,19-Jul-18,8,05:24:36,05:32:25,NA,NA
75,2,24-Jul-18,13,05:21:14,05:28:03,NA,NA
75,2,25-Jul-18,14,04:17:54,04:20:54,NA,NA
75,2,26-Jul-18,15,03:43:24,03:48:26,NA,NA
75,2,27-Jul-18,16,06:33:17,06:40:00,NA,NA
75,1,28-Jul-18,17,10:17:24,10:25:19,NA,NA
75,1,29-Jul-18,18,07:29:50,07:36:20,NA,NA
75,1,30-Jul-18,19,09:02:30,09:09:01,NA,NA
75,1,31-Jul-18,20,06:49:16,06:54:00,NA,NA
75,1,01-Aug-18,21,04:23:33,04:26:40,NA,NA
75,1,02-Aug-18,22,03:38:08,03:43:50,NA,NA
75,1,03-Aug-18,23,03:56:33,03:58:21,NA,NA
75,1,04-Aug-18,24,07:25:33,07:26:20,NA,NA
75,1,05-Aug-18,25,15:18:46,15:37:30,NA,NA
75,1,06-Aug-18,26,04:34:00,04:38:23,NA,NA
75,1,07-Aug-18,27,12:49:20,12:51:50,NA,NA
75,1,09-Aug-18,29,16:12:55,16:17:45,NA,NA
75,1,10-Aug-18,30,08:16:14,08:18:13,NA,NA
75,1,14-Aug-18,34,06:00:39,06:52:30,NA,NA
75,1,16-Aug-18,36,10:03:12,10:22:30,NA,NA
53,2,18-Jul-18,2,11:23:16,11:37:30,NA,NA
53,3,19-Jul-18,3,07:07:57,07:16:20,NA,NA
53,3,20-Jul-18,4,03:27:14,03:35:54,NA,NA
53,3,21-Jul-18,5,03:53:01,04:03:55,NA,NA
53,3,22-Jul-18,6,07:49:07,07:57:30,NA,NA
53,3,23-Jul-18,7,03:48:40,03:53:06,NA,NA
53,3,24-Jul-18,8,07:33:14,07:43:34,NA,NA
53,3,25-Jul-18,9,04:05:00,04:12:12,NA,NA
53,3,26-Jul-18,10,04:40:00,04:45:47,NA,NA
53,3,27-Jul-18,11,07:39:52,07:47:17,NA,NA
53,3,28-Jul-18,12,04:32:20,04:40:31,NA,NA
53,3,29-Jul-18,13,04:08:06,04:16:26,NA,NA
53,3,30-Jul-18,14,05:37:23,05:41:51,NA,NA
53,3,31-Jul-18,15,07:15:55,07:26:24,NA,NA
53,3,01-Aug-18,16,05:43:12,05:45:24,NA,NA
47,3,25-Jul-18,4,12:47:57,12:56:09,NA,NA
47,3,26-Jul-18,5,10:44:33,10:55:03,NA,NA
47,3,27-Jul-18,6,03:36:42,03:45:30,NA,NA
47,3,28-Jul-18,7,06:49:06,07:02:53,NA,NA
47,3,29-Jul-18,8,04:12:27,04:25:26,NA,NA
47,3,30-Jul-18,9,04:33:41,04:42:01,NA,NA
47,3,31-Jul-18,10,07:34:34,07:46:55,NA,NA
97,1,15-Jul-18,1,16:24:34,16:28:15,NA,NA
97,1,16-Jul-18,2,07:00:00,07:15:00,NA,NA
97,2,18-Jul-18,4,07:31:58,07:38:34,NA,NA
97,3,19-Jul-18,5,17:15:00,17:25:14,NA,NA
97,3,20-Jul-18,6,07:00:00,07:15:00,NA,NA
97,3,22-Jul-18,8,05:30:00,05:45:00,NA,NA
97,3,23-Jul-18,9,05:30:00,05:45:00,NA,NA
97,3,24-Jul-18,10,06:32:17,06:38:44,NA,NA
97,3,25-Jul-18,11,07:00:00,07:15:00,NA,NA
97,2,26-Jul-18,12,11:00:00,11:15:00,NA,NA
97,2,27-Jul-18,13,05:45:00,06:00:00,NA,NA
97,2,28-Jul-18,14,05:30:00,04:45:00,NA,NA
97,2,29-Jul-18,15,14:15:00,14:23:40,NA,NA
97,2,30-Jul-18,16,07:45:00,07:52:06,NA,NA
97,2,31-Jul-18,17,12:00:00,12:08:38,NA,NA
97,2,02-Aug-18,19,09:15:00,08:27:40,NA,NA
97,2,03-Aug-18,20,06:45:00,07:00:00,NA,NA
97,2,04-Aug-18,21,09:05:29,09:10:20,NA,NA
97,2,05-Aug-18,22,09:56:22,09:57:24,NA,NA
97,2,06-Aug-18,23,06:00:00,06:21:52,NA,NA
57,1,17-Jul-18,1,09:45:18,09:48:19,NA,NA
57,2,18-Jul-18,2,16:05:00,16:10:00,NA,NA
57,2,19-Jul-18,3,08:20:00,08:30:00,NA,NA
57,2,20-Jul-18,4,07:10:00,07:17:30,NA,NA
57,2,21-Jul-18,5,05:05:00,05:12:30,NA,NA
57,2,22-Jul-18,6,06:50:00,06:57:30,NA,NA
57,2,24-Jul-18,8,06:25:00,06:32:30,NA,NA
57,2,25-Jul-18,9,06:15:50,06:22:30,NA,NA
57,2,26-Jul-18,10,08:25:49,08:32:30,NA,NA
147,2,17-Jul-18,3,10:41:37,10:45:11,NA,NA
147,2,18-Jul-18,4,10:03:44,10:09:32,NA,NA
147,1,19-Jul-18,5,06:15:25,06:25:08,NA,NA
147,1,20-Jul-18,6,06:39:23,06:51:46,NA,NA
3,3,19-Jul-18,4,06:57:46,07:03:08,NA,NA
3,3,20-Jul-18,5,05:19:15,05:23:44,NA,NA
3,4,21-Jul-18,6,04:07:03,04:17:14,NA,NA
3,4,22-Jul-18,7,05:12:26,05:22:44,NA,NA
3,4,23-Jul-18,8,03:52:54,03:58:29,NA,NA
3,4,24-Jul-18,9,04:41:44,04:49:55,NA,NA
3,4,25-Jul-18,10,05:16:24,05:26:57,NA,NA
3,4,26-Jul-18,11,04:33:47,04:45:13,NA,NA
3,4,27-Jul-18,12,04:16:54,04:30:38,NA,NA
3,4,28-Jul-18,13,09:17:58,09:22:40,NA,NA
3,4,29-Jul-18,14,04:41:38,04:47:31,NA,NA
3,4,30-Jul-18,15,07:02:43,07:23:33,NA,NA
3,3,08-Aug-18,24,07:17:43,07:19:56,NA,NA
3,2,09-Aug-18,25,16:19:55,16:30:27,NA,NA
3,2,10-Aug-18,26,15:06:39,15:08:12,NA,NA
3,2,11-Aug-18,27,09:12:22,09:17:30,NA,NA
18,2,14-Jul-18,2,09:03:38,09:07:02,NA,NA
18,2,15-Jul-18,3,07:28:26,07:34:40,NA,NA
18,3,16-Jul-18,4,05:36:46,05:44:58,NA,NA
18,4,17-Jul-18,5,03:35:00,03:39:20,NA,NA
18,4,18-Jul-18,6,05:08:01,05:12:30,NA,NA
18,4,19-Jul-18,7,06:46:10,06:52:30,NA,NA
18,4,19-Jul-18,7,06:30:46,06:41:03,NA,NA
18,4,21-Jul-18,9,04:51:47,05:01:51,NA,NA
18,4,22-Jul-18,10,05:49:13,05:57:30,NA,NA
18,4,23-Jul-18,11,04:30,04:37:30,NA,NA
18,4,24-Jul-18,12,05:35:00,05:47:09,NA,NA
18,4,25-Jul-18,13,05:16:49,05:30:18,NA,NA
18,4,26-Jul-18,14,07:01:33,07:14:19,NA,NA
18,4,27-Jul-18,15,04:08:13,04:11:13,NA,NA
18,4,28-Jul-18,16,05:16:04,05:21:06,NA,NA
18,4,29-Jul-18,17,04:35:00,04:52:30,NA,NA
18,4,30-Jul-18,18,04:55,05:05:00,NA,NA
18,3,31-Jul-18,19,05:19:00,05:27:33,NA,NA
18,3,01-Aug-18,20,06:15:00,06:19:09,NA,NA
18,3,02-Aug-18,21,04:44:00,04:50:00,NA,NA
18,3,03-Aug-18,22,04:18:21,04:43:02,NA,NA
18,3,04-Aug-18,23,06:35:51,06:42:46,NA,NA
18,3,05-Aug-18,24,06:12:33,06:13:17,NA,NA
18,3,06-Aug-18,25,05:01:34,05:02:29,NA,NA
18,3,07-Aug-18,26,06:14:49,06:15:01,NA,NA
18,3,08-Aug-18,27,11:13:14,11:13:47,NA,NA
18,3,09-Aug-18,28,05:37:43,06:13:47,NA,NA
18,3,10-Aug-18,29,07:26,07:26:21,NA,NA
18,3,12-Aug-18,31,09:27:33,09:35:00,NA,NA
22,2,13-Jul-18,2,04:45:00,04:52:46,NA,NA
22,2,13-Jul-18,2,01:55:52,02:03:05,NA,NA
22,3,15-Jul-18,4,06:39:12,06:52:30,NA,NA
22,3,16-Jul-18,5,04:03:07,04:09:08,NA,NA
22,3,17-Jul-18,6,04:45:00,05:00:00,NA,NA
22,3,18-Jul-18,7,06:06:16,06:10:00,NA,NA
22,3,19-Jul-18,8,04:01:00,04:12:00,NA,NA
22,3,20-Jul-18,9,03:40:00,03:47:30,NA,NA
22,3,21-Jul-18,10,07:05:00,07:17:30,NA,NA
22,3,22-Jul-18,11,07:12:44,07:17:30,NA,NA
22,3,23-Jul-18,12,04:29:21,04:32:30,NA,NA
22,3,24-Jul-18,13,06:50:36,07:04:18,NA,NA
29,2,15-Jul-18,2,03:14:51,03:22:31,NA,NA
29,3,16-Jul-18,3,14:00:00,14:08:44,NA,NA
29,3,17-Jul-18,4,11:08:21,11:11:45,NA,NA
29,1,24-Jul-18,11,13:20:00,13:28:42,NA,NA
29,1,25-Jul-18,12,04:10:08,04:13:13,NA,NA
29,1,26-Jul-18,13,13:19:41,13:28:37,NA,NA
29,1,27-Jul-18,14,08:43:27,08:48:41,NA,NA
29,1,28-Jul-18,15,04:18:20,04:20:00,NA,NA
29,1,29-Jul-18,16,07:07:00,07:11:10,NA,NA
29,1,30-Jul-18,17,07:19:39,07:27:00,NA,NA
29,1,01-Aug-18,18,04:50:30,04:55:00,NA,NA
29,1,02-Aug-18,19,04:52:25,04:56:22,NA,NA
29,1,03-Aug-18,20,05:00:00,05:10:00,NA,NA
29,1,04-Aug-18,21,04:37:54,04:43:53,NA,NA
29,1,05-Aug-18,22,04:58:23,05:06:33,NA,NA
29,1,06-Aug-18,23,03:54:09,03:58:02,NA,NA
29,1,07-Aug-18,24,05:08:47,05:28:02,NA,NA
30,3,19-Jul-18,4,19:05:58,19:18:50,NA,NA
30,3,20-Jul-18,5,03:36:35,03:52:30,NA,NA
30,3,21-Jul-18,6,05:11:55,05:19:30,NA,NA
30,3,22-Jul-18,7,04:59:41,05:07:05,NA,NA
30,3,23-Jul-18,8,04:05:00,04:10:54,NA,NA
30,3,24-Jul-18,9,04:35:00,04:47:30,NA,NA
30,3,25-Jul-18,10,07:40:00,07:52:30,NA,NA
30,3,27-Jul-18,12,13:40:00,13:54:37,NA,NA
30,3,28-Jul-18,13,09:10:00,09:22:30,NA,NA
30,3,01-Aug-18,17,06:51:46,06:54:12,NA,NA
33,1,20-Jul-18,1,06:57:40,07:06:29,NA,NA
33,2,21-Jul-18,2,02:30:23,02:36:50,NA,NA
33,2,25-Jul-18,5,15:45:02,16:03:12,NA,NA
33,2,26-Jul-18,5,13:43:29,13:50:25,NA,NA
33,2,27-Jul-18,7,04:55:00,05:03:20,NA,NA
33,2,28-Jul-18,8,05:40:12,05:48:15,NA,NA
33,2,29-Jul-18,9,10:32:26,10:38:05,NA,NA
33,2,30-Jul-18,10,10:41:59,10:48:40,NA,NA
33,2,31-Jul-18,11,07:15:00,07:20:42,NA,NA
33,2,01-Aug-18,12,05:05:58,05:11:12,NA,NA
33,2,02-Aug-18,13,05:00:00,05:05:00,NA,NA
33,2,03-Aug-18,14,05:00:12,05:04:42,NA,NA
33,2,04-Aug-18,15,04:51:55,04:56:04,NA,NA
33,2,05-Aug-18,16,05:00:38,05:04:09,NA,NA
33,2,06-Aug-18,17,05:55:38,06:03:21,NA,NA
33,2,06-Aug-18,17,09:04:06,09:20:49,NA,NA
33,2,08-Aug-18,19,08:09:09,08:24:56,NA,NA
33,2,09-Aug-18,20,08:49:06,09:09:07,NA,NA
33,2,10-Aug-18,21,05:41:00,05:51:08,NA,NA
33,2,11-Aug-18,22,04:49:59,04:52:01,NA,NA
33,2,12-Aug-18,23,09:19:47,09:24:05,NA,NA
33,2,13-Aug-18,24,06:06:56,06:08:59,NA,NA
45,2,19-Jul-18,2,19:01:47,19:08:57,NA,NA
45,3,20-Jul-18,3,07:38:25,07:48:45,NA,NA
45,3,21-Jul-18,4,08:30:46,08:40:38,NA,NA
45,3,22-Jul-18,5,03:33:32,03:42:49,NA,NA
45,3,23-Jul-18,6,05:55:22,06:04:27,NA,NA
45,3,24-Jul-18,7,04:43:08,04:54:41,NA,NA
45,3,25-Jul-18,8,06:39:55,06:46:35,NA,NA
45,3,26-Jul-18,9,07:54:13,08:03:56,NA,NA
45,3,27-Jul-18,10,04:34:51,04:45:26,NA,NA
45,3,06-Aug-18,21,13:05:56,13:08:12,NA,NA
45,3,07-Aug-18,22,04:51:21,04:54:21,NA,NA
45,3,08-Aug-18,23,04:12:47,04:15:32,NA,NA
45,3,09-Aug-18,24,08:13:15,08:16:06,NA,NA
45,3,10-Aug-18,25,07:32:28,07:35:24,NA,NA
45,3,11-Aug-18,26,12:31:56,12:35:00,NA,NA
45,3,12-Aug-18,27,05:16:44,05:18:51,NA,NA
45,3,13-Aug-18,28,08:14:37,08:17:27,NA,NA
45,3,14-Aug-18,29,06:11:43,06:13:51,NA,NA
